topic_0	topic_1	topic_2	topic_3	topic_4	topic_5	topic_6	topic_7	topic_8	topic_9	topic_10	topic_11	topic_12	topic_13	topic_14	topic_15
0.0011286378	0.0011639732	0.0012425404	0.0012744641	0.9822968	0.0011307851	0.0011440833	0.0011355645	0.0011934845	0.0011453512	0.001172857	0.0011572498	0.0011343679	0.0012526668	0.0011792112	0.0012479385
0.013845211	0.014278676	0.015242477	0.015634088	0.014615379	0.013871565	0.014034683	0.78214663	0.014640696	0.014050238	0.014387656	0.014196198	0.0139155025	0.0153667	0.014465604	0.015308694
0.0030196821	0.003114223	0.0033244307	0.003409844	0.0031876587	0.0030254275	0.43395475	0.0030382148	0.0031931803	0.0030643994	0.0031379915	0.0030962336	0.0030350133	0.52190506	0.0031549921	0.0033388739
0.0031982907	0.0032984228	0.0035210638	0.0036115278	0.0033762024	0.0032043757	0.0032420591	0.0032179193	0.0033820502	0.0032456524	0.50329334	0.00327937	0.0032145283	0.0035497595	0.0033416036	0.45002386
0.011022632	0.011367729	0.012135039	0.012446817	0.011635788	0.0110436035	0.0111734755	0.01109028	0.0116559435	0.011185859	0.011454491	0.011302065	0.011078593	0.8277034	0.011516549	0.012187759
0.009156039	0.009442695	0.010080069	0.010339067	0.0096653635	0.0091734575	0.009281338	0.009212229	0.8564003	0.009291626	0.009514766	0.009388152	0.009202523	0.010162216	0.009566314	0.010123861
0.004541543	0.00468373	0.004999882	0.9290981	0.0047941767	0.0045501837	0.004603694	0.0045694155	0.00480248	0.004608796	0.004719477	0.0046566743	0.0045646005	0.005040625	0.0047450457	0.005021599
0.0041896105	0.004320779	0.0046124286	0.0047309315	0.0044226665	0.0041975817	0.004246945	0.004215323	0.0044303266	0.0042516524	0.004353757	0.004295821	0.004210881	0.004650018	0.0043773437	0.9344939
0.009156052	0.009442714	0.010080089	0.010339067	0.0096653765	0.009173472	0.009281353	0.009212245	0.009682121	0.009291641	0.009514782	0.0093881665	0.009202538	0.010162232	0.85628426	0.010123881
0.0011055656	0.0011401788	0.0012171399	0.23966914	0.001167065	0.001107669	0.0011206954	0.0011123506	0.0011690866	0.36356014	0.0011488809	0.38176638	0.0011111785	0.0012270593	0.0011551053	0.0012224279
0.0045415326	0.004683719	0.0049998662	0.0051283264	0.6132988	0.004550173	0.004603685	0.0045694048	0.00480247	0.32007408	0.004719467	0.004656664	0.0045645903	0.005040616	0.004745036	0.005021588
0.0060715056	0.006261592	0.0066842437	0.006855981	0.28030878	0.0060830573	0.006154594	0.0061087674	0.006420348	0.0061614155	0.0063093826	0.0062254234	0.0061023305	0.006738721	0.0063435645	0.6311703
0.0060715023	0.0062615895	0.63347733	0.006855975	0.0064092423	0.0060830545	0.006154591	0.0061087646	0.0064203446	0.0061614127	0.0063093794	0.00622542	0.0061023273	0.006738715	0.27790704	0.00671328
0.013845207	0.014278673	0.015242471	0.015634084	0.0146153765	0.013871548	0.014034679	0.013930179	0.78285724	0.014050234	0.014387652	0.014196194	0.013915499	0.015366689	0.014465599	0.015308688
0.004541533	0.0046837195	0.004999867	0.0051283264	0.004794165	0.004550174	0.004603684	0.0045694057	0.004802469	0.004608786	0.0047194674	0.63384426	0.0045645903	0.0050406144	0.004745036	0.29980385
0.0036274518	0.0037410206	0.003993536	0.004096139	0.0038292361	0.0036343532	0.0036770932	0.003649714	0.0038358693	0.003681169	0.003769573	0.0037194106	0.0036458685	0.3728425	0.57424617	0.0040108864
0.004541531	0.0046837176	0.0049998644	0.0051283226	0.0047941636	0.0045501716	0.0046036826	0.0045694034	0.58049697	0.004608785	0.004719466	0.0046566627	0.004564589	0.0050406125	0.004745034	0.353297
0.011022607	0.011367703	0.012135018	0.012446789	0.32864147	0.011043579	0.011173451	0.011090255	0.011655919	0.011185835	0.5099186	0.01130204	0.011078569	0.01223391	0.011516521	0.012187732
0.007830044	0.008075189	0.008620256	0.631077	0.008265607	0.007844941	0.0079371985	0.007878099	0.008279925	0.007945997	0.00813682	0.008028543	0.25455123	0.008690509	0.008180903	0.008657704
0.0033993735	0.9465967	0.0037424401	0.0038385924	0.0035884706	0.0034058408	0.003445894	0.0034202363	0.0035946865	0.003449713	0.0035325582	0.0034855506	0.0034166323	0.0037729393	0.003551697	0.003758698
0.0054585314	0.005629428	0.0060094083	0.34655616	0.0057621733	0.005468916	0.005533231	0.0054920316	0.005772154	0.005539364	0.0056723924	0.0055969097	0.005486244	0.0060583823	0.005703124	0.57426155
0.0024682595	0.0025455358	0.75869954	0.0027871742	0.0026055616	0.0024729557	0.002502038	0.002483408	0.0026100748	0.002504811	0.0025649644	0.002530832	0.2051773	0.0027395033	0.0025788604	0.0027291626
0.007830068	0.008075212	0.008620284	0.008841762	0.008265632	0.007844965	0.007937223	0.68894476	0.00827995	0.00794602	0.008136844	0.008028567	0.007869822	0.008690534	0.19603059	0.008657733
0.013845254	0.78249437	0.015242523	0.015634142	0.014615426	0.013871594	0.014034727	0.013930225	0.014640797	0.014050283	0.0143877035	0.014196243	0.013915548	0.015366751	0.014465648	0.015308747
0.028379755	0.029268272	0.031243851	0.032046594	0.029958442	0.02843375	0.028768133	0.02855393	0.03001033	0.028800018	0.029491654	0.029099211	0.02852384	0.031498484	0.55454415	0.031379595
0.018611003	0.019193674	0.020489229	0.021015652	0.019646276	0.7070785	0.018865693	0.01872522	0.019680304	0.018886602	0.019340167	0.019082803	0.01870549	0.020656208	0.019444944	0.020578247
0.0045415484	0.004683736	0.0049998835	0.005128342	0.004794182	0.0045501892	0.0046036993	0.0045694206	0.004802485	0.004608802	0.9286892	0.004656681	0.0045646057	0.0050406326	0.0047450513	0.0050216056
0.0030196744	0.0031142146	0.0033244214	0.0034098334	0.0031876506	0.42569575	0.22961736	0.0030382068	0.30341396	0.0030643914	0.0031379831	0.0030962257	0.0030350054	0.0033515163	0.0031549842	0.0033388648
0.0020871414	0.0021524855	0.0022977768	0.002356813	0.002203243	0.0020911123	0.0021157046	0.0020999506	0.0022070594	0.002118049	0.002168914	0.0021400524	0.0020977377	0.0023165033	0.0021806646	0.96736676
0.005458529	0.0056294254	0.0060094064	0.0061638015	0.16742212	0.0054689143	0.0055332305	0.0054920292	0.7527306	0.005539362	0.0056723906	0.005596908	0.0054862425	0.006058382	0.0057031214	0.0060355132
0.5532726	0.029268267	0.031243842	0.032046568	0.029958429	0.028433746	0.028768124	0.02855392	0.03001032	0.028800009	0.029491646	0.029099202	0.028523833	0.031498484	0.029651448	0.031379577
0.0031982965	0.003298429	0.0035210715	0.003611536	0.0033762096	0.0032043818	0.0032420652	0.0032179253	0.0033820565	0.0032456585	0.42663586	0.3236899	0.0032145344	0.20628409	0.00334161	0.003536367
0.70704365	0.019193634	0.020489188	0.021015603	0.019646239	0.01864637	0.018865654	0.018725181	0.019680265	0.018886564	0.01934013	0.019082766	0.018705452	0.020656172	0.019444907	0.020578243
0.00042943071	0.00044287535	0.00047276908	0.9932958	0.0004533187	0.00043024772	0.00043530748	0.00043206624	0.0004541039	0.00043578996	0.0004462555	0.00044031715	0.00043161097	0.00047662194	0.0004486732	0.00047482294
0.003627448	0.9430137	0.0039935317	0.0040961355	0.0038292324	0.0036343492	0.0036770897	0.0036497104	0.003835865	0.0036811652	0.0037695689	0.003719407	0.0036458648	0.004026078	0.0037899916	0.0040108836
0.003198298	0.0032984307	0.003521072	0.0036115374	0.0033762103	0.0032043827	0.0032420673	0.003217927	0.0033820588	0.9497028	0.0033236053	0.0032793777	0.0032145358	0.003549769	0.0033416115	0.0035363694
0.0010834087	0.0011173282	0.0011927469	0.32090777	0.6633219	0.0010854701	0.0010982353	0.0010900578	0.0011456568	0.0010994525	0.001125856	0.0011108741	0.0010889092	0.0012024675	0.0011319554	0.0011979287
0.0031982937	0.0032984258	0.0035210678	0.0036115341	0.0033762057	0.0032043785	0.0032420624	0.5820861	0.37097102	0.003245656	0.0033236006	0.0032793733	0.0032145316	0.0035497625	0.0033416066	0.0035363652
0.0060715033	0.0062615904	0.0066842423	0.006855979	0.006409243	0.0060830545	0.006154592	0.0061087655	0.006420345	0.006161413	0.0063093803	0.006225421	0.006102328	0.0067387167	0.0063435626	0.9050698
0.34712312	0.00944268	0.010080051	0.5190904	0.009665344	0.009173441	0.009281321	0.009212214	0.009682085	0.009291608	0.009514747	0.009388135	0.009202506	0.010162199	0.009566295	0.010123841
0.003627444	0.0037410124	0.0039935377	0.004096132	0.003829228	0.0036343457	0.0036770857	0.0036497067	0.003835861	0.0036811614	0.0037695654	0.94299215	0.0036458608	0.004026074	0.0037899876	0.0040108766
0.013845217	0.014278683	0.7834589	0.015634095	0.014615387	0.013871555	0.0140346885	0.013930185	0.014640699	0.014050242	0.01438766	0.014196203	0.013915509	0.015366699	0.014465607	0.015308696
0.011022622	0.011367719	0.012135029	0.01244681	0.8271054	0.011043593	0.011173467	0.01109027	0.011655935	0.011185851	0.011454481	0.011302055	0.011078586	0.012233926	0.0115165375	0.012187747
0.0027162684	0.00280131	0.0029903967	0.0030672257	0.9573942	0.0027214363	0.0027534405	0.0027329386	0.0028723339	0.0027564922	0.00282269	0.002785129	0.0027300592	0.0030147668	0.0028379823	0.0030033882
0.004957991	0.005113216	0.0054583545	0.0055985954	0.0052337903	0.0049674246	0.0050258413	0.00498842	0.0052428558	0.6025135	0.005152242	0.0050836806	0.32449904	0.005502837	0.0051801554	0.005482067
0.013845193	0.01427866	0.0152424555	0.01563407	0.014615361	0.013871535	0.014034665	0.013930164	0.014640678	0.014050221	0.014387638	0.01419618	0.013915486	0.015366674	0.78268236	0.0153086735
0.0054585454	0.0056294417	0.006009424	0.0061638225	0.005762188	0.0054689297	0.0055332454	0.005492045	0.0057721687	0.0055393777	0.0056724064	0.9142151	0.0054862583	0.006058398	0.0057031377	0.006035531
0.0015058493	0.0015529947	0.0016578204	0.0017004138	0.3356939	0.13137415	0.0015264568	0.0015150909	0.0015923692	0.0015281487	0.0015648475	0.25051442	0.26336393	0.0016713311	0.0015733253	0.001665023
0.00018396243	0.00018972193	0.00020252801	0.997128	0.00019419572	0.00018431242	0.00018647996	0.00018509146	0.0001945321	0.00018668667	0.00019116994	0.00018862604	0.00018489642	0.00020417852	0.00019220564	0.00020340786
0.004958009	0.0051132343	0.005458373	0.0055986173	0.0052338075	0.004967442	0.005025859	0.0049884366	0.0052428734	0.0050314297	0.0051522595	0.005083699	0.00498318	0.0055028587	0.005180174	0.92247975
0.0054585324	0.0056294287	0.006009411	0.0061638053	0.0057621747	0.91408724	0.005533233	0.0054920325	0.005772156	0.0055393656	0.0056723948	0.0055969106	0.005486246	0.006058385	0.0057031256	0.0060355174
0.011022649	0.011367746	0.012135059	0.3097547	0.011635808	0.011043619	0.011173494	0.011090296	0.011655963	0.011185879	0.0114545105	0.011302083	0.5292399	0.012233955	0.011516565	0.012187789
0.011022623	0.01136772	0.012135031	0.012446808	0.01163578	0.011043595	0.011173469	0.011090272	0.011655937	0.011185852	0.011454483	0.011302057	0.82654816	0.012233925	0.0115165375	0.01218775
0.0012040448	0.0012417408	0.13193655	0.018767454	0.0012710221	0.0012063355	0.0012205217	0.001211434	0.0012732238	0.833046	0.0012512183	0.0012345681	0.0012101575	0.0013363606	0.0012579969	0.0013313167
0.007830057	0.34156945	0.5440425	0.0088417465	0.008265621	0.007844954	0.007937212	0.007878112	0.008279938	0.007946009	0.008136832	0.008028556	0.00786981	0.008690522	0.008180917	0.008657719
0.00388832	0.27905276	0.4093754	0.0043907147	0.004104616	0.0038957174	0.0039415318	0.0039121835	0.004111726	0.0039459	0.0040406613	0.0039868923	0.25867605	0.004315618	0.0040625525	0.0042993277
0.018610949	0.019193621	0.7089221	0.021015648	0.019646222	0.018646356	0.01886564	0.018725168	0.01968025	0.018886551	0.019340111	0.019082753	0.018705437	0.02065615	0.019444892	0.020578187
0.0041896245	0.004320794	0.004612444	0.0047309487	0.0044226814	0.0041975956	0.0042469595	0.0042153373	0.004430342	0.004251667	0.004353771	0.0042958353	0.004210895	0.09646975	0.004377359	0.842674
0.011022661	0.011367756	0.012135071	0.012446854	0.011635819	0.011043628	0.0111735035	0.011090306	0.011655971	0.82665485	0.011454516	0.011302092	0.011078621	0.012233966	0.011516573	0.012187786
0.0060715126	0.0062615997	0.0066842516	0.006855987	0.0064092535	0.0060830642	0.006154601	0.006108775	0.006420355	0.0061614225	0.00630939	0.006225431	0.006102337	0.00673874	0.0063435724	0.9050697
0.3985637	0.0018042446	0.0019260295	0.0019755142	0.0018467902	0.0017528005	0.0017734135	0.0017602087	0.001849989	0.001775379	0.0018180152	0.0017938225	0.0017583543	0.0019417267	0.0018278647	0.57583207
0.007830042	0.008075187	0.4578773	0.008841729	0.008265605	0.00784494	0.007937198	0.007878098	0.008279923	0.007945995	0.008136818	0.008028542	0.007869796	0.008690507	0.4278406	0.008657704
0.0036274558	0.0037410245	0.0039935424	0.00409615	0.0038292406	0.0036343571	0.0036770976	0.0036497188	0.0038358741	0.0036811738	0.003769577	0.0037194155	0.0036458725	0.004026087	0.0037899995	0.9432834
0.007830039	0.008075181	0.008620249	0.008841722	0.0082656015	0.007844936	0.007937193	0.007878092	0.00827992	0.007945989	0.0081368135	0.008028537	0.007869791	0.008690502	0.008180896	0.87757456
0.0068395757	0.0070537105	0.007529832	0.0077232965	0.0072200424	0.0068525886	0.0069331764	0.006881557	0.0072325487	0.0069408608	0.007107546	0.0070129647	0.8923725	0.0075912043	0.0071460526	0.0075625414
0.0022617546	0.96446836	0.0024900115	0.002553986	0.0023875695	0.0022660575	0.0022927066	0.0022756355	0.002391705	0.0022952477	0.0023503685	0.0023190922	0.0022732376	0.0025103046	0.0023631023	0.0025008293
0.013845229	0.014278697	0.015242495	0.01563412	0.0146154	0.013871569	0.0140347	0.78214633	0.014640717	0.0140502555	0.014387674	0.014196217	0.013915521	0.015366716	0.014465624	0.015308715
0.011022615	0.011367713	0.4631318	0.012446799	0.011635772	0.011043587	0.011173461	0.011090264	0.011655928	0.011185844	0.011454473	0.011302048	0.0110785775	0.012233918	0.3759895	0.012187741
0.002716264	0.0028013047	0.0029903909	0.0030672222	0.0028673618	0.002721432	0.0027534359	0.0027329344	0.0028723285	0.50195277	0.0028226853	0.0027851234	0.45806065	0.0030147624	0.0028379776	0.0030033817
0.004189624	0.0043207933	0.0046124426	0.004730949	0.004422681	0.0041975947	0.004246959	0.0042153364	0.0044303415	0.58403116	0.0043537705	0.004295835	0.35429263	0.004650034	0.0043773577	0.0046324814
0.013845222	0.01427869	0.015242485	0.0156341	0.014615392	0.013871563	0.014034696	0.013930193	0.0146407075	0.014050249	0.014387667	0.0141962115	0.013915514	0.783583	0.014465614	0.015308706
0.5002875	0.0046837134	0.0049998597	0.0051283175	0.43301818	0.004550168	0.0046036784	0.0045693996	0.004802464	0.0046087806	0.004719461	0.004656659	0.0045645847	0.0050406065	0.0047450294	0.005021581
0.002087141	0.0021524853	0.0022977772	0.002356812	0.0022032426	0.0020911118	0.0021157034	0.00209995	0.002207059	0.0021180485	0.0021689138	0.0021400517	0.0020977373	0.1972457	0.34436637	0.4302519
0.0060715224	0.00626161	0.0066842637	0.5256767	0.0064092632	0.006083074	0.006154611	0.0061087846	0.006420366	0.0061614327	0.0063094003	0.006225441	0.0061023473	0.006738741	0.38587907	0.006713304
0.17379148	0.37039533	0.0028473558	0.14690231	0.0027302117	0.0025912616	0.002621735	0.0026022138	0.0027349407	0.002624641	0.27647465	0.0026519068	0.0025994717	0.0028705604	0.002702233	0.0028597263
0.0045415494	0.0046837362	0.004999885	0.005128347	0.0047941827	0.0045501897	0.0046037007	0.0045694215	0.004802487	0.0046088034	0.004719484	0.004656682	0.24262002	0.0050406316	0.31283376	0.3828471
0.006071499	0.0062615857	0.5105167	0.0068559702	0.00640924	0.0060830507	0.40067884	0.0061087613	0.0064203427	0.0061614094	0.006309377	0.0062254174	0.006102324	0.006738715	0.0063435584	0.0067132777
0.007830039	0.008075181	0.008620248	0.008841723	0.008265601	0.007844935	0.007937192	0.007878092	0.008279918	0.00794599	0.0081368135	0.008028536	0.007869792	0.008690505	0.8770977	0.0086577
0.009156044	0.0094427	0.010080075	0.01033908	0.009665365	0.009173463	0.009281343	0.009212235	0.009682107	0.009291633	0.00951477	0.009388158	0.009202528	0.8568803	0.009566324	0.01012387
0.0038883265	0.4632383	0.4799578	0.004390721	0.004104623	0.0038957244	0.0039415383	0.00391219	0.0041117324	0.003945907	0.004040669	0.003986899	0.003908068	0.004315626	0.0040625604	0.004299336
0.002716268	0.0028013089	0.0029903953	0.0030672264	0.43524823	0.0027214356	0.0027534403	0.0027329382	0.002872333	0.002756492	0.0028226892	0.0027851276	0.0027300585	0.5251607	0.0028379818	0.0030033868
0.0060715135	0.0062616	0.0066842535	0.006855989	0.0064092544	0.17565449	0.0061546024	0.0061087757	0.73520535	0.006161423	0.006309391	0.0062254313	0.006102338	0.0067387293	0.0063435743	0.0067132944
0.0054585496	0.14871952	0.0060094283	0.0061638253	0.0057621943	0.0054689343	0.0055332496	0.7710201	0.005772175	0.0055393823	0.0056724115	0.0055969283	0.0054862625	0.0060584038	0.0057031424	0.0060355375
0.0020871416	0.002152486	0.002297777	0.0023568142	0.0022032433	0.0020911125	0.0021157044	0.0020999508	0.00220706	0.0021180492	0.0021689143	0.0021400526	0.7158247	0.25364855	0.0021806648	0.0023077594
0.0033993854	0.9465965	0.003742453	0.0038386052	0.0035884837	0.0034058527	0.0034459059	0.0034202475	0.0035946993	0.003449725	0.0035325703	0.0034855625	0.0034166442	0.0037729521	0.0035517088	0.0037587117
0.02837971	0.029268226	0.031243801	0.03204653	0.02995839	0.028433705	0.028768087	0.028553883	0.030010289	0.028799975	0.029491607	0.029099159	0.028523795	0.031498425	0.55454487	0.031379536
0.0054585314	0.0056294273	0.0060094083	0.0061638043	0.5631713	0.005468917	0.005533232	0.0054920316	0.005772155	0.005539364	0.005672393	0.00559691	0.0054862443	0.006058385	0.005703124	0.35724476
0.01861095	0.019193623	0.02048918	0.34592184	0.38317287	0.018646361	0.018865643	0.018725172	0.019680256	0.018886553	0.019340115	0.019082757	0.018705439	0.020656154	0.019444894	0.020578193
0.9464901	0.0035058116	0.003742452	0.0038386034	0.0035884813	0.0034058513	0.0034459042	0.003420246	0.0035946977	0.0034497234	0.0035325692	0.0034855609	0.0034166423	0.0037729507	0.0035517078	0.0037587099
0.004541542	0.0046837293	0.004999876	0.5441142	0.38977808	0.0045501827	0.0046036933	0.0045694145	0.00480248	0.0046087955	0.0047194767	0.0046566743	0.0045645996	0.0050406232	0.004745045	0.0050215987
0.018610965	0.01919364	0.40843517	0.021015607	0.019646239	0.018646372	0.018865656	0.018725185	0.019680273	0.018886568	0.01934013	0.01908277	0.018705454	0.020656168	0.31993163	0.020578204
0.011022649	0.011367747	0.012135063	0.012446839	0.011635807	0.01104362	0.011173494	0.011090297	0.35742754	0.011185879	0.01145451	0.011302083	0.011078613	0.012233958	0.4812141	0.01218778
0.028379763	0.029268272	0.031243863	0.03204658	0.029958444	0.028433751	0.028768139	0.028553937	0.55490303	0.028800024	0.029491657	0.02909921	0.028523842	0.03149848	0.029651431	0.031379588
0.028379768	0.029268283	0.031243866	0.032046594	0.029958455	0.028433762	0.5536607	0.02855394	0.030010343	0.028800031	0.029491669	0.029099219	0.028523855	0.031498488	0.029651448	0.031379607
0.05973337	0.0616035	0.06576168	0.067451246	0.06305616	0.059847016	0.060550824	0.060099967	0.06316538	0.06061793	0.062073678	0.06124766	0.060036637	0.066297606	0.062409975	0.06604736
0.001594672	0.001644598	0.001755607	0.0018007136	0.0016833788	0.0015977061	0.001616495	0.0016044588	0.0016862948	0.0016182868	0.00165715	0.0016350982	0.97490627	0.0017699145	0.0016661279	0.0017632338
0.8558745	0.009442679	0.010080058	0.01033903	0.009665343	0.009173441	0.009281321	0.009212213	0.009682084	0.009291608	0.009514749	0.009388137	0.009202507	0.0101622045	0.009566296	0.010123845
0.0036274446	0.0037410131	0.0039935275	0.7072417	0.003829229	0.0036343457	0.003677086	0.23977682	0.0038358616	0.003681162	0.0037695651	0.0037194036	0.003645861	0.004026074	0.0037899879	0.004010878
0.0138452165	0.014278681	0.015242481	0.015634095	0.014615384	0.013871557	0.0140346885	0.013930187	0.78285706	0.0140502425	0.014387662	0.014196204	0.013915508	0.015366701	0.014465608	0.015308701
0.007830049	0.008075193	0.008620262	0.008841735	0.29409575	0.007844946	0.007937205	0.007878103	0.59136647	0.007946	0.008136826	0.008028547	0.007869802	0.008690514	0.008180909	0.008657715
0.002586336	0.21810316	0.0028473507	0.60620666	0.0027302064	0.0025912568	0.1406017	0.0026022089	0.0027349356	0.0026246358	0.0026876666	0.0026519017	0.0025994668	0.0028705555	0.0027022276	0.0028597205
0.018611008	0.019193681	0.020489238	0.021015663	0.019646283	0.018646417	0.018865699	0.01872523	0.019680317	0.018886609	0.019340178	0.019082814	0.018705497	0.020656226	0.019444954	0.7090102
0.013845224	0.33077192	0.015242492	0.015634106	0.014615393	0.013871565	0.014034697	0.013930195	0.014640713	0.014050254	0.014387672	0.014196213	0.013915518	0.015366709	0.46618864	0.015308711
0.00607151	0.21704338	0.0066842483	0.6944307	0.00640925	0.006083061	0.006154598	0.006108772	0.0064203525	0.00616142	0.0063093873	0.006225428	0.006102335	0.0067387233	0.006343569	0.006713288
0.0023605041	0.002434407	0.1075804	0.527079	0.0024918122	0.3334525	0.0023928077	0.002374991	0.0024961282	0.00239546	0.0024529868	0.0024203449	0.0023724886	0.0026199066	0.0024662763	0.0026100168
0.01861096	0.019193634	0.020489186	0.021015603	0.019646239	0.018646369	0.01886565	0.018725181	0.019680263	0.018886562	0.019340124	0.019082764	0.018705448	0.020656165	0.70787764	0.020578202
0.028379815	0.029268332	0.031243913	0.032046653	0.029958507	0.028433809	0.028768193	0.028553989	0.030010398	0.028800076	0.029491719	0.029099265	0.0285239	0.03149854	0.029651491	0.5562714
0.0045415345	0.92865366	0.004999869	0.0051283264	0.004794167	0.0045501753	0.004603686	0.0045694066	0.0048024734	0.004608788	0.0047194683	0.004656667	0.004564592	0.005040616	0.0047450378	0.00502159
0.011022642	0.011367739	0.012135054	0.01244685	0.011635799	0.011043613	0.011173487	0.01109029	0.011655954	0.011185874	0.011454502	0.011302076	0.0110786045	0.01223395	0.82698584	0.0121877715
0.01384521	0.014278676	0.015242474	0.01563409	0.014615379	0.013871552	0.014034683	0.013930181	0.014640694	0.014050237	0.014387656	0.78241265	0.013915503	0.015366712	0.014465606	0.015308706
0.013845189	0.014278654	0.01524245	0.015634062	0.014615356	0.01387153	0.0140346605	0.01393016	0.7828575	0.0140502155	0.0143876355	0.014196176	0.013915481	0.015366671	0.014465581	0.01530867
0.004541537	0.004683724	0.004999871	0.005128333	0.004794169	0.2591165	0.0046036877	0.0045694094	0.0048024734	0.0046087904	0.004719471	0.67406017	0.004564594	0.0050406195	0.0047450406	0.0050215935
0.05973337	0.0616035	0.06576168	0.067451246	0.06305616	0.059847016	0.060550824	0.060099967	0.06316538	0.06061793	0.062073678	0.06124766	0.060036637	0.066297606	0.062409975	0.06604736
0.11381718	0.001694582	0.0018089652	0.0018554421	0.0017345416	0.0016462648	0.001665625	0.0016532228	0.0017375461	0.001667471	0.1411506	0.0016847934	0.0016514808	0.0018237075	0.0017167663	0.7226919
0.004189627	0.0043207956	0.551511	0.0047309534	0.004422684	0.17612119	0.0042469623	0.004215339	0.004430345	0.2152907	0.004353774	0.0042958376	0.0042108977	0.0046500377	0.004377361	0.0046324846
0.01861106	0.019193739	0.020489298	0.021015722	0.019646345	0.01864647	0.018865757	0.018725282	0.019680401	0.018886663	0.019340232	0.7075139	0.018705552	0.020656276	0.019445008	0.02057831
0.002009566	0.08820581	0.0022123735	0.0022692136	0.0021213524	0.0020133895	0.88226146	0.0020218992	0.002125027	0.0020393247	0.0020883	0.0020605107	0.0020197688	0.0022304035	0.0020996132	0.0022219839
0.006071508	0.66776925	0.006684247	0.006855983	0.00640925	0.006083059	0.0061545963	0.00610877	0.006420351	0.0061614183	0.006309386	0.0062254258	0.0061023333	0.006738722	0.0063435673	0.24356213
0.0041896193	0.004320788	0.4067999	0.004730942	0.0044226754	0.00419759	0.0042469543	0.0042153317	0.004430336	0.0042516612	0.0043537654	0.00429583	0.5318848	0.00465003	0.0043773535	0.004632476
0.028379722	0.029268237	0.031243818	0.032046538	0.029958403	0.02843372	0.028768102	0.028553894	0.55490357	0.028799985	0.029491618	0.02909918	0.028523806	0.031498443	0.029651394	0.031379554
0.0068395482	0.0070536807	0.0075298008	0.34549946	0.0072200135	0.006852561	0.006933148	0.554604	0.0072325184	0.0069408324	0.007107519	0.0070129368	0.006874273	0.007591166	0.007146023	0.007562518
0.013845315	0.014278792	0.015242609	0.78384876	0.014615496	0.013871659	0.014034794	0.013930292	0.0146408165	0.014050346	0.014387769	0.014196312	0.013915609	0.015366857	0.014465719	0.015308825
0.2607278	0.0051132366	0.0054583764	0.0055986173	0.0052338117	0.004967444	0.005025862	0.00498844	0.0052428762	0.005031432	0.0051522623	0.0050837016	0.004983183	0.005502861	0.005180176	0.6667099
0.0025863335	0.0026673067	0.37805146	0.002920503	0.002730204	0.0025912544	0.0026217275	0.0026022065	0.002734933	0.0026246335	0.0026876645	0.0026518994	0.0025994647	0.0028705527	0.58420014	0.002859718
0.0068395413	0.0070536737	0.0075297947	0.007723259	0.007220007	0.8923514	0.006933141	0.0068815174	0.0072325114	0.0069408254	0.0071075107	0.0070129302	0.0068742656	0.0075911563	0.007146016	0.0075625046
0.013845283	0.29054332	0.015242553	0.015634175	0.014615455	0.013871623	0.5059855	0.013930253	0.01464077	0.014050309	0.0143877305	0.014196271	0.013915576	0.015366775	0.0144656785	0.015308779
0.006071519	0.0062616067	0.00668426	0.0068559987	0.3895081	0.00608307	0.0061546075	0.006108781	0.0064203627	0.0061614295	0.006309397	0.006225438	0.006102344	0.0067387354	0.006343581	0.5219708
0.01861099	0.019193664	0.020489218	0.021015633	0.019646266	0.018646399	0.7072979	0.018725209	0.019680299	0.01888659	0.019340158	0.019082794	0.01870548	0.020656195	0.019444933	0.020578234
0.001749469	0.0018042413	0.0019260263	0.0019755107	0.97255886	0.0017527973	0.0017734105	0.0017602058	0.0018499858	0.001775376	0.001818012	0.0017938196	0.0017583511	0.0019417228	0.0018278615	0.0019343967
0.003627457	0.003741026	0.003993543	0.9433687	0.0038292417	0.0036343588	0.003677099	0.0036497193	0.0038358772	0.0036811742	0.003769578	0.0037194171	0.0036458739	0.0040260884	0.0037900005	0.0040108934
0.0068395366	0.007053668	0.0075297835	0.0077232425	0.0072199996	0.0068525486	0.006933135	0.006881512	0.007232505	0.0069408193	0.007107504	0.0070129232	0.89237314	0.0075911502	0.0071460097	0.0075624967
0.013845237	0.014278704	0.015242503	0.015634174	0.014615404	0.78208756	0.014034709	0.013930207	0.014640721	0.014050267	0.014387682	0.014196226	0.013915528	0.015366728	0.014465633	0.015308722
0.028379759	0.029268276	0.031243857	0.032046594	0.029958447	0.028433755	0.028768137	0.028553935	0.030010339	0.5536926	0.02949166	0.029099213	0.028523846	0.031498574	0.029651435	0.0313796
0.0021709392	0.0022389072	0.0023900317	0.0024514368	0.9659479	0.0021750694	0.0022006487	0.0021842627	0.002295672	0.0022030878	0.0022559953	0.0022259743	0.0021819612	0.0024095096	0.0022682173	0.0024004143
0.001426395	0.0014710528	0.0015703475	0.0016106938	0.0015057412	0.0014291088	0.0014459152	0.0014351491	0.0015083496	0.0014475178	0.0014822801	0.43373254	0.0014336368	0.0015831457	0.0014903108	0.54542786
0.004957988	0.0051132133	0.0054583503	0.0055985884	0.0052337865	0.0049674213	0.0050258385	0.0049884166	0.92224085	0.0050314087	0.0051522385	0.0050836774	0.00498316	0.0055028345	0.005180153	0.0054820646
0.0038883197	0.0040100557	0.004280735	0.004390713	0.0041046157	0.0038957174	0.9388469	0.0039121835	0.004111726	0.0039459	0.004040663	0.0039868928	0.003908061	0.004315643	0.0040625525	0.004299328
0.0068395725	0.0070537063	0.49407247	0.007723286	0.007220038	0.006852586	0.006933172	0.006881549	0.0072325454	0.006940856	0.0071075433	0.007012962	0.006874297	0.0075911945	0.40610167	0.00756254
0.011022618	0.011367715	0.012135024	0.012446801	0.011635776	0.011043589	0.011173463	0.0110902665	0.011655931	0.011185846	0.8269241	0.011302051	0.01107858	0.01223392	0.011516532	0.012187779
0.0049579907	0.0051132157	0.005458355	0.005598591	0.0052337893	0.004967424	0.005025841	0.00498842	0.0052428558	0.005031411	0.9221502	0.00508368	0.0049831625	0.005502839	0.005180155	0.005482067
0.0013549001	0.0013973194	0.0014916372	0.0015299607	0.0014302692	0.0013574779	0.978691	0.0013632154	0.0014327466	0.0013749641	0.001407984	0.001389248	0.0013617789	0.0015037939	0.0014156121	0.0014981172
0.0036274495	0.0037410182	0.003993533	0.004096137	0.23215795	0.0036343508	0.003677091	0.0036497116	0.0038358672	0.0036811666	0.0037695707	0.0037194083	0.0036458662	0.00402608	0.15780836	0.56093645
0.009156021	0.00944268	0.21603848	0.651099	0.009665345	0.00917344	0.0092813205	0.009212214	0.009682084	0.009291608	0.009514746	0.009388134	0.009202505	0.010162197	0.009566296	0.010123853
0.009155997	0.0094426535	0.010080024	0.010339002	0.009665318	0.009173417	0.009281297	0.009212189	0.85640097	0.009291584	0.009514722	0.009388111	0.009202482	0.010162172	0.00956627	0.010123815
0.009156021	0.009442678	0.6063044	0.010339032	0.26015946	0.009173443	0.009281321	0.0092122145	0.009682085	0.009291608	0.009514749	0.009388134	0.009202506	0.010162201	0.009566296	0.010123848
0.002586329	0.0026673018	0.0028473428	0.95962256	0.0027301996	0.0025912495	0.0026217229	0.002602202	0.0027349282	0.0026246286	0.0026876593	0.0026518947	0.00259946	0.0028705474	0.0027022206	0.0028597123
0.00088773586	0.00091552915	0.0009773265	0.0010024366	0.00093711814	0.0008894248	0.00089988456	0.0008931841	0.0009387413	0.00090088195	0.00092251675	0.0009102407	0.000892243	0.9861236	0.00092751463	0.0009815725
0.0021709464	0.0022389146	0.00239004	0.41395482	0.00229171	0.0021750769	0.0022006559	0.5046985	0.0022956796	0.002203095	0.0022560027	0.002225982	0.051820397	0.0024095178	0.0022682252	0.0024004227
0.0068395436	0.007053681	0.0075297942	0.0077232528	0.007220008	0.006852556	0.006933144	0.006881519	0.0072325137	0.0069408272	0.007107512	0.0070129316	0.0068742684	0.89308995	0.0071460186	0.0075625046
0.007830049	0.008075193	0.008620261	0.008841744	0.008265613	0.007844946	0.007937204	0.87679476	0.008279929	0.007946001	0.008136825	0.008028547	0.007869802	0.008690516	0.008180907	0.008657712
0.009156026	0.5579615	0.010080055	0.010339037	0.009665349	0.009173445	0.009281325	0.009212218	0.30788162	0.009291613	0.009514752	0.0093881395	0.00920251	0.010162206	0.0095663015	0.010123849
0.0091560045	0.009442662	0.010080033	0.010339029	0.009665327	0.009173425	0.009281305	0.009212198	0.0096820695	0.8560103	0.00951473	0.009388118	0.009202491	0.010162181	0.009566279	0.010123824
0.00078466797	0.00080923445	0.00086385733	0.9877499	0.00082831684	0.00078616093	0.00079540623	0.0007894837	0.0008297516	0.00079628784	0.0008154108	0.0008045601	0.0007886519	0.0008708974	0.00081982854	0.0008676101
0.009156028	0.85616106	0.010080059	0.010339038	0.009665352	0.009173448	0.009281329	0.009212221	0.009682094	0.009291615	0.009514756	0.009388141	0.009202515	0.010162205	0.009566302	0.010123855
0.0060715	0.006261587	0.0066842386	0.0068559716	0.00640924	0.006083051	0.0061545884	0.0061087627	0.0064203423	0.00616141	0.0063093766	0.0062254174	0.006102325	0.0067387135	0.75087243	0.16054107
0.0031982986	0.33820832	0.6150682	0.0036115374	0.0033762103	0.0032043837	0.003242067	0.003217927	0.0033820586	0.0032456603	0.0033236053	0.0032793784	0.0032145365	0.0035497684	0.0033416117	0.003536369
0.004189616	0.0043207845	0.0046124347	0.0047309375	0.004422672	0.9340589	0.0042469506	0.0042153285	0.0044303327	0.0042516575	0.0043537626	0.004295826	0.0042108865	0.0046500233	0.0043773493	0.0046324725
0.005458544	0.0056294403	0.006009423	0.0061638188	0.5134012	0.0054689297	0.005533244	0.0054920446	0.0057721683	0.0055393763	0.0056724064	0.0055969227	0.005486257	0.0060584	0.0057031373	0.40701467
0.0045415363	0.004683723	0.59142333	0.005128331	0.00479417	0.004550177	0.3421501	0.004569409	0.0048024734	0.00460879	0.0047194706	0.0046566688	0.0045645945	0.0050406177	0.004745039	0.0050215926
0.007830047	0.008075191	0.008620259	0.008841735	0.008265611	0.007844944	0.8768538	0.007878101	0.008279928	0.007945999	0.008136822	0.008028545	0.0078698	0.008690539	0.008180907	0.00865771
0.028379794	0.02926832	0.031243885	0.03204662	0.029958481	0.028433785	0.028768169	0.028553965	0.030010367	0.028800054	0.02949169	0.5539913	0.028523875	0.031498533	0.029651465	0.03137963
0.57664514	0.009442684	0.010080057	0.010339046	0.009665352	0.009173447	0.009281328	0.009212219	0.009682094	0.2885208	0.009514756	0.009388141	0.009202513	0.010162206	0.009566304	0.0101238545
0.013845237	0.014278724	0.015242502	0.01563412	0.014615408	0.013871578	0.014034709	0.013930208	0.014640727	0.014050265	0.014387684	0.014196226	0.013915529	0.01536673	0.014465631	0.78352475
0.0049580224	0.0051132482	0.005458388	0.26390848	0.005233824	0.004967455	0.005025873	0.0049884506	0.005242889	0.0050314427	0.005152274	0.66377133	0.004983194	0.0055028712	0.0051801866	0.0054821037
0.0017494753	0.001804248	0.0019260335	0.9726874	0.0018467938	0.0017528037	0.001773417	0.0017602121	0.0018499924	0.0017753827	0.0018180185	0.0017938259	0.0017583575	0.0019417296	0.001827868	0.0019344011
0.27694318	0.004010062	0.004280738	0.0043907207	0.0041046226	0.0038957242	0.003941538	0.00391219	0.004111733	0.0039459066	0.6658911	0.0039868983	0.0039080675	0.004315625	0.0040625595	0.004299335
0.0027162647	0.5300303	0.002990392	0.0030672224	0.0028673627	0.0027214326	0.002753437	0.002732935	0.0028723294	0.0027564885	0.002822686	0.0027851246	0.0027300555	0.4303126	0.0028379783	0.0030033826
0.018610995	0.019193668	0.020489221	0.32030284	0.019646266	0.018646402	0.018865686	0.018725213	0.019680297	0.018886598	0.019340158	0.0190828	0.01870548	0.02065621	0.4085899	0.020578235
0.001594675	0.0016446013	0.0017556106	0.2850655	0.0016833824	0.001597709	0.0016164982	0.001604462	0.0016862983	0.00161829	0.32999578	0.0016351014	0.0016027713	0.0017699186	0.36336616	0.0017632373
0.007830058	0.008075203	0.008620273	0.3542067	0.008265623	0.007844956	0.10952585	0.007878114	0.00827994	0.007946011	0.008136834	0.0080285575	0.007869813	0.008690529	0.4301438	0.0086577255
0.028379716	0.02926823	0.031243805	0.03204653	0.029958395	0.028433708	0.028768092	0.028553888	0.5549037	0.028799977	0.029491615	0.029099165	0.028523799	0.031498432	0.029651387	0.031379543
0.002170947	0.0022389148	0.0023900399	0.002451446	0.0022917103	0.0021750773	0.0022006563	0.0021842704	0.58915544	0.0022030952	0.0022560032	0.0022259823	0.0021819687	0.002409518	0.0022682257	0.3791967
0.003198297	0.0032984298	0.0035210703	0.0036115374	0.003376209	0.0032043818	0.0032420654	0.0032179258	0.0033820572	0.6837609	0.003323604	0.0032793765	0.0032145348	0.0035497681	0.26928347	0.003536369
0.013845209	0.014278675	0.78345895	0.01563409	0.014615378	0.013871556	0.014034682	0.013930182	0.014640693	0.014050236	0.014387656	0.0141961975	0.013915502	0.015366695	0.014465603	0.015308693
0.0068395464	0.007053679	0.007529795	0.007723254	0.0072200107	0.0068525593	0.0069331457	0.0068815225	0.007232517	0.006940829	0.007107516	0.0070129344	0.0068742707	0.00759116	0.007146021	0.8930613
0.002170941	0.0022389088	0.610784	0.0024514387	0.002291704	0.0021750713	0.0022006503	0.0021842646	0.002295674	0.0022030894	0.3575182	0.0022259762	0.0021819628	0.002409512	0.0022682191	0.0024004169
0.013845227	0.014278693	0.015242493	0.26726562	0.014615398	0.013871567	0.5306194	0.013930197	0.014640713	0.0140502555	0.014387675	0.014196216	0.013915518	0.015366712	0.014465621	0.015308713
0.006839554	0.0070536877	0.8930284	0.007723264	0.0072200187	0.0068525667	0.006933154	0.0068815295	0.0072325254	0.006940838	0.0071075223	0.007012943	0.0068742787	0.00759117	0.0071460316	0.007562517
0.004189624	0.004320793	0.004612444	0.0047309534	0.004422682	0.39529106	0.004246959	0.004215337	0.004430342	0.004251667	0.004353772	0.0042958353	0.004210895	0.54341775	0.004377358	0.0046324823
0.009156035	0.0094427215	0.21745977	0.6496775	0.009665359	0.009173455	0.009281335	0.009212228	0.009682102	0.009291623	0.009514761	0.009388148	0.00920252	0.010162218	0.00956631	0.010123858
0.24557747	0.0037410187	0.0039935354	0.0040961374	0.512991	0.0036343518	0.0036770923	0.0036497125	0.0038358676	0.0036811673	0.0037695717	0.0037194092	0.0036458669	0.0040260805	0.19195084	0.0040108846
0.0060715014	0.006261588	0.006684241	0.006855974	0.0064092414	0.006083052	0.395565	0.006108763	0.18780945	0.0061614113	0.33386648	0.006225419	0.0061023263	0.006738716	0.006343561	0.006713281
0.6123397	0.009442702	0.010080075	0.010339058	0.009665369	0.009173462	0.25281584	0.009212236	0.00968211	0.00929163	0.00951477	0.009388158	0.009202528	0.010162229	0.009566318	0.010123867
0.007830059	0.008075204	0.008620274	0.008841748	0.008265623	0.0078449575	0.007937214	0.0078781145	0.008279944	0.007946011	0.008136836	0.008028559	0.007869813	0.59612554	0.28966236	0.008657725
0.004957993	0.005113219	0.005458357	0.0055985963	0.005233792	0.004967426	0.005025843	0.0049884217	0.005242858	0.0050314143	0.005152244	0.0050836825	0.0049831653	0.9225008	0.0051801577	0.005482069
0.006839548	0.35911816	0.0075297975	0.007723256	0.0072200117	0.0068525607	0.0069331466	0.006881523	0.007232518	0.0069408314	0.007107517	0.0070129363	0.006874273	0.0075911647	0.5405802	0.0075625107
0.011022701	0.011367799	0.3721831	0.0124469	0.46705616	0.0110436715	0.011173546	0.011090348	0.011656015	0.01118593	0.011454563	0.011302134	0.011078663	0.012234012	0.01151662	0.01218784
0.5532732	0.029268224	0.031243801	0.03204653	0.029958393	0.028433705	0.028768089	0.028553883	0.030010283	0.028799972	0.029491605	0.02909916	0.028523797	0.031498425	0.029651381	0.031379532
0.018610973	0.019193644	0.020489203	0.021015614	0.019646246	0.018646384	0.018865664	0.018725192	0.019680278	0.018886574	0.019340137	0.019082775	0.018705461	0.020656183	0.70787746	0.02057821
0.005458532	0.005629428	0.0060094115	0.0061638053	0.0057621743	0.0054689175	0.0055332324	0.0054920325	0.0057721552	0.005539365	0.30981803	0.005596911	0.60995895	0.006058385	0.005703125	0.0060355165
0.02837975	0.029268263	0.55613667	0.03204657	0.029958433	0.028433746	0.028768126	0.028553922	0.030010324	0.028800013	0.029491652	0.0290992	0.028523836	0.031498477	0.02965143	0.03137958
0.011022701	0.011367799	0.37326673	0.0124469	0.46597254	0.0110436715	0.011173546	0.011090348	0.011656015	0.01118593	0.011454563	0.011302134	0.011078663	0.012234012	0.01151662	0.01218784
0.0054585375	0.0056294333	0.0060094167	0.0061638113	0.0057621803	0.0054689227	0.0055332375	0.91411036	0.0057721613	0.0055393702	0.0056724	0.005596916	0.0054862504	0.0060583916	0.0057031303	0.0060355235
0.85587466	0.009442666	0.010080037	0.010339017	0.009665332	0.00917343	0.009281309	0.009212201	0.009682072	0.009291596	0.009514735	0.009388122	0.009202494	0.010162186	0.009566283	0.010123834
0.028379709	0.029268224	0.5561374	0.032046523	0.02995839	0.028433703	0.028768085	0.02855388	0.03001028	0.02879997	0.029491603	0.029099157	0.028523793	0.031498425	0.02965138	0.03137953
0.0023605097	0.0024344127	0.96308124	0.002665505	0.0024918185	0.0023650005	0.0023928138	0.0023749967	0.0024961347	0.0023954657	0.0024529933	0.002420351	0.002372494	0.002619914	0.0024662823	0.0026100236
0.007830074	0.008075218	0.008620289	0.008841765	0.008265639	0.007844971	0.007937228	0.8767944	0.008279956	0.007946025	0.008136851	0.008028572	0.007869828	0.0086905435	0.008180933	0.008657739
0.49540603	0.005629458	0.0060094437	0.0061638425	0.005762206	0.0054689464	0.0055332617	0.005492062	0.0057721864	0.42420977	0.0056724236	0.005596941	0.0054862746	0.0060584187	0.005703157	0.0060355496
0.004541528	0.9286538	0.0049998607	0.0051283194	0.0047941594	0.0045501688	0.0046036784	0.0045694048	0.0048024636	0.004608781	0.0047194613	0.0046566594	0.004564585	0.005040608	0.0047450303	0.005021583
0.001643137	0.0016945803	0.3252799	0.65087664	0.0017345402	0.0016462631	0.0016656233	0.0016532213	0.0017375444	0.0016674695	0.001707514	0.0016847921	0.0016514792	0.001823706	0.0017167646	0.0018168224
0.0027162663	0.0028013072	0.0029903944	0.0030672234	0.0028673646	0.0027214342	0.0027534384	0.0027329365	0.002872331	0.0027564901	0.0028226883	0.002785126	0.0027300569	0.0030147647	0.31680697	0.6435612
0.00915601	0.009442667	0.0100800395	0.010339019	0.009665332	0.00917343	0.009281309	0.85593086	0.009682074	0.009291597	0.009514739	0.009388123	0.009202494	0.010162189	0.009566284	0.01012383
0.0015058453	0.0015529905	0.0016578166	0.44666347	0.08441057	0.0015087104	0.001526453	0.0015150871	0.0015923647	0.0015281448	0.0015648435	0.44855055	0.0015134907	0.0016713267	0.0015733212	0.0016650181
0.0068395603	0.0070536933	0.007529813	0.0077232746	0.0072200247	0.0068525723	0.0069331597	0.19442269	0.0072325324	0.0069408445	0.0071075284	0.08816462	0.0068742842	0.0075911772	0.0071460353	0.6243682
0.0028599428	0.0029494823	0.00314857	0.0032294653	0.0030190332	0.002865384	0.0028990812	0.33972326	0.0030242628	0.618178	0.0029719935	0.0029324447	0.002874463	0.0031742302	0.002988095	0.0031622478
0.028379764	0.029268282	0.031243859	0.032046586	0.029958453	0.028433759	0.028768145	0.028553938	0.5549029	0.028800026	0.029491678	0.029099215	0.028523851	0.03149848	0.029651437	0.031379595
0.011022626	0.01136772	0.012135031	0.012446809	0.01163578	0.011043594	0.82664305	0.011090271	0.011655934	0.011185852	0.011454482	0.011302057	0.011078586	0.012233927	0.0115165375	0.01218775
0.009156044	0.009442702	0.01008008	0.010339057	0.009665369	0.009173465	0.57319975	0.009212237	0.009682114	0.009291631	0.29231438	0.009388159	0.00920253	0.010162227	0.009566319	0.010123874
0.05973337	0.0616035	0.06576168	0.067451246	0.06305616	0.059847016	0.060550824	0.060099967	0.06316538	0.06061793	0.062073678	0.06124766	0.060036637	0.066297606	0.062409975	0.06604736
0.01861099	0.019193664	0.7089215	0.021015635	0.019646266	0.0186464	0.018865682	0.01872521	0.019680297	0.018886592	0.019340156	0.019082794	0.01870548	0.020656204	0.01944494	0.02057823
0.01384523	0.014278696	0.78345865	0.01563411	0.0146154	0.013871568	0.014034701	0.013930199	0.014640715	0.0140502555	0.014387676	0.014196217	0.013915521	0.015366722	0.014465622	0.015308712
0.006839571	0.0070537045	0.007529825	0.0077232854	0.0072200373	0.0068525835	0.006933171	0.006881546	0.0072325426	0.0069408556	0.0071075405	0.8925113	0.006874296	0.007591188	0.0071460493	0.0075625367
0.0068395645	0.007053698	0.0075298175	0.007723275	0.00722003	0.006852578	0.4240929	0.0068815406	0.0072325366	0.0069408487	0.007107534	0.0070129535	0.0068742894	0.47592986	0.007146042	0.0075625284
0.0020095645	0.00207248	0.0022123707	0.0022692117	0.002121351	0.0020133879	0.0020370656	0.0020218978	0.0021250253	0.0020393233	0.7602287	0.0020605088	0.0020197672	0.0022304016	0.21031697	0.0022219827
0.0028599398	0.002949479	0.0031485662	0.0032294611	0.0030190302	0.002865381	0.0028990782	0.002877492	0.0030242596	0.9550239	0.0029719905	0.002932442	0.0028744598	0.0031742263	0.002988092	0.0031622448
0.018611008	0.019193685	0.020489233	0.021015653	0.019646287	0.018646415	0.018865697	0.018725228	0.019680312	0.018886609	0.019340172	0.019082816	0.018705495	0.020656237	0.019444952	0.7090102
0.0027162684	0.0028013096	0.0029903958	0.0030672264	0.6095532	0.0027214363	0.002753441	0.0027329389	0.16426855	0.0027564925	0.00282269	0.002785128	0.18917477	0.003014767	0.0028379825	0.0030033872
0.64573187	0.011367773	0.012135088	0.012446869	0.011635833	0.0110436445	0.011173519	0.0110903215	0.19241554	0.011185904	0.011454535	0.011302109	0.011078636	0.012233987	0.0115165915	0.012187808
0.0020095608	0.0020724763	0.002212367	0.0022692098	0.002121347	0.0020133841	0.0020370618	0.002021894	0.0021250213	0.0020393198	0.0020882941	0.0020605053	0.0020197637	0.0022303967	0.9684574	0.0022219785
0.003399377	0.003505805	0.003742444	0.5833949	0.0035884753	0.0034058448	0.0034458977	0.00342024	0.003594691	0.36698428	0.003532563	0.0034855546	0.0034166363	0.003772945	0.0035517013	0.0037587027
0.0041896123	0.0043207803	0.0046124295	0.0047309347	0.004422669	0.0041975835	0.004246947	0.0042153248	0.0044303285	0.0042516543	0.0043537584	0.0042958222	0.004210883	0.004650019	0.004377345	0.9344939
0.01102262	0.011367717	0.01213503	0.012446812	0.011635777	0.011043591	0.011173464	0.45556468	0.011655931	0.01118585	0.01145448	0.011302053	0.011078583	0.38322917	0.011516537	0.0121877445
0.018610964	0.019193636	0.020489188	0.021015605	0.01964624	0.018646372	0.018865658	0.018725183	0.01968027	0.018886564	0.7077728	0.019082768	0.018705452	0.020656167	0.019444905	0.020578213
0.5532732	0.029268224	0.031243801	0.03204653	0.029958393	0.028433705	0.028768089	0.028553883	0.030010283	0.028799972	0.029491605	0.02909916	0.028523797	0.031498425	0.029651381	0.031379532
0.004958001	0.0051132264	0.0054583643	0.005598604	0.0052338005	0.004967434	0.0050258515	0.004988429	0.0052428804	0.0050314222	0.0051522525	0.005083691	0.004983173	0.0055028494	0.005180165	0.92247987
0.018611014	0.019193685	0.020489242	0.021015668	0.019646289	0.01864642	0.018865705	0.018725235	0.019680323	0.018886613	0.707772	0.01908282	0.0187055	0.02065623	0.019444957	0.020578267
0.018611012	0.019193685	0.02048924	0.02101566	0.019646285	0.01864642	0.0188657	0.018725231	0.019680317	0.01888661	0.019340178	0.019082816	0.018705498	0.70908815	0.019444957	0.02057826
0.006839558	0.0070536914	0.0075298096	0.0077232677	0.007220023	0.006852571	0.006933158	0.006881534	0.007232535	0.006940842	0.007107529	0.007012947	0.006874283	0.0075911772	0.8926446	0.0075625246
0.56926215	0.0037410136	0.0039935294	0.0040961313	0.0038292296	0.2276459	0.15330349	0.0036497077	0.0038358625	0.0036811624	0.0037695668	0.003719404	0.0036458622	0.004026076	0.0037899883	0.0040108785
0.009156029	0.009442686	0.010080061	0.3738039	0.009665352	0.00917345	0.009281329	0.009212222	0.009682092	0.009291615	0.009514756	0.009388142	0.009202514	0.49341568	0.009566304	0.010123853
0.0038883202	0.0040100557	0.004280731	0.0043907138	0.38195243	0.003895718	0.0039415318	0.0039121835	0.004111727	0.0039459006	0.0040406617	0.0039868923	0.0039080614	0.004315618	0.0040625525	0.5613569
0.0038883146	0.00401005	0.004280726	0.004390707	0.00410461	0.0038957123	0.003941526	0.003912178	0.00411172	0.003945895	0.004040656	0.003986887	0.003908056	0.47954988	0.004062547	0.4639705
0.004541548	0.0046837344	0.0049998844	0.0051283427	0.004794181	0.124465145	0.20271114	0.0045694197	0.0048024845	0.004608801	0.0047194823	0.0046566795	0.004564605	0.6109879	0.0047450513	0.0050216047
0.002009563	0.0020724786	0.12749617	0.0022692098	0.002121349	0.0020133865	0.5859377	0.0020218962	0.0021250239	0.0020393217	0.0020882965	0.25923386	0.0020197658	0.0022304	0.00209961	0.0022219804
0.018610964	0.019193638	0.020489188	0.021015603	0.01964624	0.018646372	0.70729834	0.018725183	0.019680273	0.018886564	0.01934013	0.019082768	0.018705452	0.020656167	0.019444905	0.020578202
0.05973337	0.0616035	0.06576168	0.067451246	0.06305616	0.059847016	0.060550824	0.060099967	0.06316538	0.06061793	0.062073678	0.06124766	0.060036637	0.066297606	0.062409975	0.06604736
0.0018705194	0.0019290817	0.002059293	0.0021122016	0.001974571	0.0018740782	0.0018961173	0.573004	0.001977991	0.001898219	0.0019438049	0.0019179387	0.001880016	0.0020760763	0.0019543362	0.39963177
0.00418964	0.0043208096	0.004612461	0.0047309655	0.0044226986	0.004197611	0.9341079	0.0042153522	0.0044303625	0.004251682	0.0043537873	0.0042958506	0.0042109103	0.004650051	0.004377376	0.004632501
0.006071503	0.0062615895	0.0066842423	0.0068559772	0.006409244	0.006083054	0.33502278	0.0061087646	0.006420345	0.0061614127	0.00630938	0.5757138	0.0061023277	0.006738718	0.0063435617	0.006713281
0.0031982975	0.0032984298	0.0035210706	0.0036115365	0.0033762092	0.0032043827	0.0032420661	0.003217926	0.0033820579	0.5524987	0.0033236044	0.0032793768	0.003214535	0.40075383	0.003341611	0.0035363692
0.0041896207	0.0043207896	0.0046124393	0.004730946	0.004422677	0.0041975915	0.0042469557	0.0042153336	0.0044303383	0.0042516636	0.004353767	0.004295831	0.0042108917	0.93451136	0.0043773544	0.004632477
0.44979265	0.009442684	0.010080057	0.010339039	0.009665351	0.009173447	0.009281327	0.009212219	0.009682092	0.009291614	0.009514756	0.0093881395	0.009202513	0.41624394	0.009566302	0.0101238545
0.004541535	0.004683722	0.00499987	0.0051283273	0.0047941674	0.0045501757	0.004603687	0.004569407	0.0048024715	0.004608788	0.0047194688	0.92862654	0.0045645926	0.005040617	0.0047450378	0.00502159
0.0036274532	0.0037410224	0.003993541	0.21109179	0.003829238	0.0036343543	0.003677095	0.0036497156	0.0038358707	0.0036811703	0.003769574	0.73599637	0.00364587	0.0040260837	0.0037899972	0.004010887
0.011022623	0.011367721	0.012135032	0.012446809	0.01163578	0.011043595	0.16985433	0.011090271	0.011655936	0.011185853	0.011454482	0.011302057	0.011078585	0.01223393	0.6683053	0.01218775
0.003627448	0.0037410166	0.0039935326	0.004096135	0.0038292333	0.0036343497	0.56445295	0.0036497104	0.38233268	0.0036811654	0.0037695689	0.0037194076	0.0036458652	0.0040260786	0.0037899918	0.0040108813
0.00915604	0.009442698	0.010080072	0.010339055	0.009665365	0.40575004	0.45942292	0.009212233	0.009682108	0.009291628	0.009514768	0.009388153	0.009202527	0.010162224	0.009566315	0.010123868
0.002087149	0.0021524937	0.24720383	0.4573463	0.0022032517	0.00209112	0.0021157118	0.0020999582	0.0022070678	0.0021180566	0.0021689222	0.0021400603	0.0020977457	0.0023165117	0.2673441	0.002307768
0.78206164	0.01427868	0.015242478	0.015634093	0.014615383	0.013871554	0.014034686	0.013930184	0.014640696	0.01405024	0.014387658	0.014196202	0.013915507	0.015366704	0.014465606	0.015308695
0.0030196672	0.003114207	0.0033244134	0.003409825	0.0031876434	0.0030254123	0.0030609914	0.0030381994	0.95264065	0.003064384	0.0031379752	0.0030962182	0.0030349977	0.003351506	0.003154976	0.0033388552
0.05973337	0.0616035	0.06576168	0.067451246	0.06305616	0.059847016	0.060550824	0.060099967	0.06316538	0.06061793	0.062073678	0.06124766	0.060036637	0.066297606	0.062409975	0.06604736
0.013845227	0.014278694	0.015242494	0.015634112	0.78283155	0.013871569	0.014034699	0.013930199	0.014640717	0.014050257	0.014387679	0.014196216	0.013915523	0.015366729	0.014465625	0.0153087145
0.007830082	0.008075229	0.008620304	0.008841786	0.8771817	0.00784498	0.007937239	0.007878139	0.008279967	0.007946037	0.00813686	0.008028582	0.00786984	0.008690554	0.008180944	0.00865775
0.018611	0.019193677	0.020489238	0.021015659	0.019646281	0.018646408	0.018865693	0.018725222	0.019680306	0.018886602	0.7077722	0.019082809	0.01870549	0.02065622	0.019444954	0.020578254
0.007830031	0.008075174	0.17952834	0.7068506	0.008265593	0.007844928	0.0079371855	0.007878086	0.008279909	0.007945983	0.008136805	0.00802853	0.007869785	0.008690492	0.008180888	0.008657689
0.02837971	0.029268226	0.031243801	0.03204653	0.02995839	0.028433705	0.028768087	0.028553883	0.030010289	0.028799975	0.029491607	0.029099159	0.028523795	0.031498425	0.55454487	0.031379536
0.0016946372	0.0017476929	0.0018656615	0.0019135951	0.0017889052	0.0016978615	0.0017178284	0.65645397	0.0017920037	0.0017197324	0.31864205	0.0017375979	0.001703241	0.0018808659	0.0017705731	0.0018737662
0.05973337	0.0616035	0.06576168	0.067451246	0.06305616	0.059847016	0.060550824	0.060099967	0.06316538	0.06061793	0.062073678	0.06124766	0.060036637	0.066297606	0.062409975	0.06604736
0.009156005	0.009442661	0.010080033	0.010339022	0.009665328	0.009173425	0.009281306	0.009212198	0.009682068	0.009291593	0.009514731	0.009388118	0.009202491	0.010162181	0.009566279	0.8568426
0.01384519	0.014278658	0.015242454	0.015634067	0.014615358	0.013871533	0.014034663	0.0139301615	0.014640674	0.014050218	0.014387635	0.014196181	0.78213227	0.0153666735	0.0144655835	0.015308673
0.004189623	0.0043207924	0.71921825	0.2199864	0.0044226805	0.004197594	0.004246958	0.0042153355	0.0044303406	0.0042516654	0.0043537696	0.004295834	0.004210894	0.004650032	0.004377357	0.00463248
0.028379718	0.029268231	0.031243807	0.03204653	0.029958397	0.02843371	0.028768094	0.02855389	0.5549037	0.028799979	0.029491616	0.029099166	0.0285238	0.031498436	0.029651389	0.031379547
0.004957999	0.005113224	0.0054583657	0.0055986103	0.0052337977	0.004967432	0.005025849	0.004988428	0.005242864	0.0050314204	0.0051522497	0.0050836895	0.0049831714	0.005502846	0.0051801633	0.92247987
0.009156011	0.009442668	0.85679865	0.01033902	0.009665334	0.009173432	0.009281312	0.009212204	0.009682075	0.009291599	0.009514739	0.0093881255	0.009202497	0.010162192	0.009566286	0.010123832
0.0068395417	0.0070536747	0.0075297966	0.007723248	0.5025004	0.0068525537	0.3971515	0.0068815174	0.007232512	0.006940825	0.0071075098	0.0070129293	0.0068742656	0.0075911563	0.0071460153	0.0075625023
0.0024682693	0.0025455456	0.0027173688	0.0027871833	0.96128416	0.0024729646	0.002502047	0.0024834168	0.0026100844	0.00250482	0.0025649741	0.0025308414	0.0024808	0.0027395135	0.00257887	0.0027291733
0.005458536	0.0056294324	0.006009415	0.006163814	0.005762179	0.0054689217	0.0055332365	0.0054920367	0.00577216	0.0055393693	0.0056723976	0.005596915	0.0054862495	0.006058388	0.0057031293	0.9146538
0.0025863375	0.0026673106	0.002847352	0.002920509	0.002730208	0.0025912581	0.0026217315	0.0026022103	0.002734937	0.0026246374	0.0026876684	0.0026519035	0.0025994685	0.0028705576	0.72301203	0.23925184
0.004957993	0.0051132175	0.005458357	0.005598593	0.005233792	0.004967426	0.005025843	0.46243808	0.0052428585	0.0050314134	0.0051522437	0.0050836825	0.0049831644	0.0055028396	0.0051801563	0.46503028
0.007830057	0.008075201	0.0086202705	0.008841746	0.008265621	0.007844955	0.8768537	0.007878111	0.008279939	0.00794601	0.008136838	0.008028556	0.007869813	0.008690539	0.00818092	0.008657719
0.011022614	0.01136771	0.012135027	0.012446796	0.011635769	0.011043585	0.011173458	0.011090262	0.011655923	0.011185842	0.011454475	0.011302047	0.011078577	0.82770365	0.011516529	0.012187741
0.009156019	0.009442677	0.32641822	0.01033903	0.009665342	0.009173439	0.23675823	0.009212212	0.009682084	0.009291607	0.009514746	0.009388132	0.009202505	0.010162202	0.3124697	0.010123839
0.0041896296	0.16447924	0.004612452	0.0047309543	0.0044226875	0.0041976008	0.004246965	0.0042153425	0.0044303476	0.0042516715	0.004353777	0.004295841	0.004210901	0.004650039	0.0043773637	0.7743352
0.0060715186	0.006261606	0.0066842637	0.0068560056	0.0064092604	0.0060830703	0.0061546075	0.006108781	0.006420362	0.0061614304	0.006309397	0.0062254374	0.90445864	0.0067387344	0.0063435803	0.0067133
0.011022642	0.826837	0.012135052	0.012446831	0.0116358	0.011043613	0.011173487	0.01109029	0.011655956	0.0111858705	0.011454501	0.011302075	0.011078604	0.012233951	0.011516558	0.012187776
0.0016431349	0.0016945782	0.0018089607	0.9743476	0.0017345377	0.0016462608	0.0016656211	0.0016532191	0.0017375421	0.0016674673	0.0017075116	0.0016847898	0.0016514771	0.0018237032	0.0017167624	0.0018168193
0.004189614	0.004320783	0.0046124333	0.0047309366	0.00442267	0.0041975854	0.004246949	0.0042153266	0.0044303313	0.0042516566	0.0043537607	0.0042958246	0.004210885	0.46882507	0.4700637	0.0046324707
0.0068395557	0.007053689	0.0075298077	0.61868846	0.007220022	0.00685257	0.006933155	0.0068815323	0.28176594	0.0069408393	0.0071075256	0.0070129447	0.006874281	0.0075911735	0.0071460316	0.007562521
0.018610956	0.019193629	0.02048919	0.02101564	0.019646233	0.018646365	0.018865649	0.018725177	0.01968026	0.01888656	0.019340122	0.019082762	0.018705444	0.020656161	0.019444901	0.70901096
0.013845225	0.014278689	0.015242487	0.015634105	0.014615393	0.0138715645	0.014034696	0.013930195	0.0146407075	0.01405025	0.014387669	0.0141962115	0.013915516	0.015366707	0.014465617	0.78352493
0.004957998	0.0051132236	0.005458362	0.0055986037	0.0052337972	0.004967431	0.0050258483	0.0049884263	0.005242863	0.0050314185	0.005152249	0.0050836876	0.0049831704	0.0055028475	0.0051801624	0.92247987
0.05973337	0.0616035	0.06576168	0.067451246	0.06305616	0.059847016	0.060550824	0.060099967	0.06316538	0.06061793	0.062073678	0.06124766	0.060036637	0.066297606	0.062409975	0.06604736
0.006071501	0.006261588	0.00668424	0.0068559735	0.0064092414	0.006083052	0.90451115	0.006108763	0.0064203436	0.006161411	0.006309378	0.0062254188	0.0061023263	0.0067387153	0.0063435603	0.006713278
0.001749468	0.0018042404	0.0019260255	0.0019755093	0.0018467858	0.102344416	0.0017734094	0.87188065	0.0018499848	0.001775375	0.001818011	0.0017938184	0.0017583501	0.0019417219	0.0018278603	0.0019343924
0.21789631	0.008075217	0.008620287	0.008841765	0.008265637	0.007844969	0.007937226	0.007878127	0.008279953	0.007946025	0.008136849	0.0080285715	0.007869826	0.00869054	0.667031	0.008657735
0.002009568	0.0020724838	0.0022123747	0.0022692154	0.002121355	0.073487885	0.0020370688	0.002021901	0.89700824	0.0020393266	0.0020883013	0.002060512	0.0020197707	0.0022304044	0.002099615	0.0022219864
0.7070435	0.019193651	0.020489197	0.021015625	0.019646244	0.018646378	0.01886566	0.01872519	0.019680275	0.01888657	0.019340133	0.019082773	0.018705457	0.02065618	0.019444915	0.020578207
0.002261758	0.0023325698	0.002490016	0.0025539915	0.0023875732	0.0022660617	0.0022927106	0.0022756392	0.002391709	0.0022952515	0.0023503725	0.0023190957	0.6647856	0.30213374	0.002363106	0.0025008337
0.009156011	0.0094426675	0.010080039	0.010339021	0.009665333	0.6539467	0.009281311	0.009212203	0.009682075	0.009291598	0.009514737	0.009388124	0.21114787	0.010162187	0.009566284	0.010123829
0.004189624	0.0043207933	0.5259842	0.004730948	0.4129121	0.004197595	0.0042469595	0.004215337	0.0044303425	0.0042516664	0.0043537705	0.004295835	0.004210895	0.0046500326	0.0043773577	0.004632481
0.0005637607	0.00058141095	0.00062065705	0.0006366017	0.07480561	0.0005648333	0.09663646	0.0005672206	0.000596152	0.0005721092	0.8208724	0.00057805254	0.00056662294	0.0006257139	0.00058902235	0.000623352
0.004541535	0.0046837223	0.00499987	0.0051283296	0.004794168	0.0045501757	0.0046036863	0.004569408	0.0048024724	0.31420246	0.0047194697	0.004656667	0.004564593	0.6194168	0.0047450387	0.00502159
0.21138954	0.00329843	0.003521071	0.0036115402	0.0033762096	0.0032043827	0.0032420664	0.0032179262	0.0033820574	0.0032456599	0.0033236046	0.0032793772	0.0032145355	0.003549767	0.003341611	0.74180216
0.05973337	0.0616035	0.06576168	0.067451246	0.06305616	0.059847016	0.060550824	0.060099967	0.06316538	0.06061793	0.062073678	0.06124766	0.060036637	0.066297606	0.062409975	0.06604736
0.0023605016	0.27619386	0.0025987243	0.68938875	0.00249181	0.0023649926	0.002392805	0.0023749885	0.0024961256	0.0023954571	0.0024529845	0.0024203423	0.0023724858	0.002619903	0.0024662737	0.0026100152
0.0012902414	0.0013306364	0.0014204535	0.30825174	0.0013620137	0.0012926961	0.3195063	0.0012981598	0.0013643731	0.35471618	0.0013407922	0.0013229502	0.0012967921	0.0014320298	0.0013480562	0.0014266247
0.0045415363	0.004683723	0.0049998695	0.0051283287	0.0047941688	0.004550176	0.004603687	0.0045694085	0.004802473	0.0046087895	0.20463844	0.004656668	0.004564594	0.0050406177	0.004745039	0.72907245
0.0023605044	0.0024344071	0.0025987276	0.0026654962	0.0024918127	0.4410361	0.0023928084	0.0023749913	0.002496129	0.0023954601	0.0024529875	0.42974955	0.09685485	0.0026199075	0.0024662768	0.0026100187
0.0027162682	0.0028013093	0.03406075	0.0030672257	0.0028673662	0.002721436	0.0027534403	0.0027329384	0.002872333	0.0027564918	0.0028226895	0.0027851278	0.0027300585	0.92647123	0.002837982	0.0030033868
0.0041896203	0.004320789	0.004612438	0.0047309427	0.0044226767	0.0041975905	0.18419878	0.004215332	0.0044303373	0.0042516617	0.0043537663	0.0042958306	0.0042108907	0.7545595	0.0043773535	0.004632477
0.0068395794	0.8925519	0.0075298348	0.0077232965	0.007220047	0.0068525923	0.006933179	0.006881556	0.0072325524	0.0069408645	0.0071075493	0.007012969	0.0068743043	0.0075912015	0.007146056	0.0075625484
0.0018705196	0.29086998	0.0020592941	0.0021122019	0.0019745713	0.0018740782	0.0018961176	0.0018819993	0.0019779913	0.0018982191	0.001943805	0.0019179387	0.0018800162	0.0020760754	0.0019543362	0.6818128
0.0078300405	0.008075184	0.008620252	0.008841726	0.008265602	0.64235985	0.007937195	0.007878095	0.008279921	0.007945992	0.008136815	0.00802854	0.007869794	0.008690504	0.24258274	0.008657702
0.018610954	0.019193627	0.020489177	0.02101559	0.019646224	0.018646361	0.018865643	0.018725172	0.019680254	0.018886553	0.019340117	0.019082757	0.01870544	0.020656163	0.70787776	0.020578187
0.44645476	0.009442668	0.41949996	0.010339018	0.009665333	0.0091734305	0.00928131	0.009212202	0.009682073	0.009291597	0.009514736	0.009388124	0.009202496	0.010162189	0.009566286	0.010123828
0.0013549044	0.0013973239	0.0014916421	0.0015299664	0.11529616	0.0013574822	0.0013734463	0.0013632197	0.0014327512	0.0013749686	0.8648596	0.0013892525	0.0013617834	0.0015037985	0.0014156167	0.0014981228
0.006839554	0.0070536877	0.8930284	0.007723264	0.0072200187	0.0068525667	0.006933154	0.0068815295	0.0072325254	0.006940838	0.0071075223	0.007012943	0.0068742787	0.00759117	0.0071460316	0.007562517
0.013845234	0.0142787	0.0152425	0.015634118	0.014615408	0.013871574	0.014034707	0.013930204	0.78285676	0.01405026	0.014387685	0.014196221	0.013915527	0.015366721	0.014465626	0.015308747
0.00454154	0.0046837274	0.0049998746	0.0051283333	0.004794173	0.0045501804	0.004603691	0.004569412	0.0048024775	0.004608794	0.004719475	0.004656672	0.23541258	0.005040621	0.31117713	0.39171132
0.002716259	0.0028012998	0.0029903853	0.003067215	0.093027085	0.002721427	0.8671206	0.0027329295	0.0028723239	0.002756483	0.0028226802	0.0027851185	0.0027300497	0.0030147561	0.0028379727	0.0030033765
0.0036274563	0.9430135	0.0039935405	0.004096146	0.003829241	0.0036343576	0.0036770978	0.0036497188	0.0038358744	0.0036811735	0.0037695777	0.0037194153	0.0036458732	0.0040260875	0.0037899995	0.0040108915
0.0068395366	0.0070536695	0.0075297854	0.007723243	0.0072200005	0.0068525495	0.0069331364	0.0068815122	0.007232507	0.0069408207	0.007107505	0.007012925	0.0068742624	0.0075911507	0.8926449	0.0075624976
0.0041896156	0.0043207845	0.4145541	0.004730938	0.20928115	0.0041975863	0.3193082	0.0042153285	0.004430333	0.0042516575	0.0043537617	0.004295826	0.0042108865	0.0046500256	0.0043773493	0.0046324716
0.004189625	0.0043207947	0.0046124454	0.004730951	0.0044226823	0.0041975966	0.0042469604	0.0042153383	0.0044303434	0.0042516678	0.004353772	0.0042958367	0.004210897	0.42147374	0.30869305	0.21335429
0.0017494723	0.14406772	0.0019260299	0.0019755152	0.0018467904	0.05646519	0.0017734137	0.0017602093	0.0018499895	0.3842206	0.0018180155	0.0017938229	0.0017583545	0.39323264	0.0018278651	0.0019343975
0.01861095	0.019193623	0.020489175	0.021015588	0.019646225	0.018646361	0.018865643	0.018725172	0.70811313	0.018886551	0.019340115	0.019082762	0.01870544	0.020656154	0.019444892	0.020578189
0.013845228	0.014278697	0.015242498	0.015634112	0.2963397	0.01387157	0.50052655	0.013930199	0.014640713	0.0140502555	0.014387674	0.014196221	0.013915523	0.015366716	0.014465625	0.015308718
0.0045415363	0.0046837237	0.0049998714	0.005128333	0.0047941688	0.004550177	0.004603687	0.004569409	0.004802473	0.0046087904	0.0047194706	0.0046566725	0.004564594	0.9290105	0.00474504	0.0050215926
0.0016946364	0.0017476921	0.0018656601	0.0019135936	0.0017889042	0.9733279	0.0017178276	0.0017050368	0.0017920029	0.0017197315	0.0017610311	0.0017375979	0.0017032402	0.0018808648	0.0017705719	0.0018737651
0.018610932	0.019193605	0.020489154	0.02101557	0.019646203	0.01864634	0.018865623	0.018725151	0.019680237	0.018886534	0.019340094	0.019082734	0.01870542	0.020656133	0.70787805	0.020578166
