{"spark": 1, "error": 2, "code": 3, "file": 4, "scala": 5, "info": 6, "line": 7, "python": 8, "pyspark": 9, "java": 10, "sql": 11, "class": 12, "api": 13, "sbt": 14, "test": 15, "apache": 16, "org": 17, "use": 18, "method": 19, "import": 20, "type": 21, "kvstore": 22, "support": 23, "add": 24, "common": 25, "return": 26, "panda": 27, "fail": 28, "remove": 29, "format": 30, "sourcecode": 31, "git": 32, "version": 33, "deprecate": 34, "connect": 35, "build": 36, "warn": 37, "run": 38, "repository": 39, "exception": 40, "instead": 41, "util": 42, "function": 43, "new": 44, "user": 45, "warning": 46, "maven": 47, "main": 48, "date": 49, "fix": 50, "interval": 51, "upgrade": 52, "string": 53, "table": 54, "lib": 55, "work": 56, "parameter": 57, "case": 58, "unused": 59, "datum": 60, "value": 61, "message": 62, "package": 63, "select": 64, "applicable": 65, "src": 66, "filter": 67, "issue": 68, "int": 69, "true": 70, "val": 71, "default": 72, "cat": 73, "create": 74, "orc": 75, "match": 76, "argument": 77, "option": 78, "target": 79, "throw": 80, "def": 81, "log": 82, "need": 83, "example": 84, "null": 85, "runner": 86, "check": 87, "dataframe": 88, "set": 89, "like": 90, "dependency": 91, "operator": 92, "hive": 93, "instance": 94, "generating": 95, "release": 96, "catalyst": 97, "query": 98, "replace": 99, "deprecated": 100, "improve": 101, "documentation": 102, "pandas": 103, "core": 104, "recent": 105, "calendar": 106, "partition": 107, "stage": 108, "task": 109, "source": 110, "update": 111, "column": 112, "site": 113, "maximgekk": 114, "proj": 115, "list": 116, "object": 117, "failure": 118, "try": 119, "read": 120, "config": 121, "time": 122, "expect": 123, "month": 124, "year": 125, "exist": 126, "client": 127, "output": 128, "timestamp": 129, "traceback": 130, "fatal": 131, "aim": 132, "module": 133, "plugin": 134, "expression": 135, "currently": 136, "context": 137, "current": 138, "loading": 139, "compile": 140, "master": 141, "bin": 142, "array": 143, "long": 144, "raise": 145, "override": 146, "stream": 147, "provide": 148, "enable": 149, "index": 150, "introduce": 151, "legacy": 152, "change": 153, "load": 154, "deprecation": 155, "stack": 156, "result": 157, "encode": 158, "relate": 159, "allow": 160, "clean": 161, "define": 162, "doc": 163, "write": 164, "server": 165, "local": 166, "follow": 167, "execution": 168, "feature": 169, "trace": 170, "require": 171, "false": 172, "zinc": 173, "hadoop": 174, "internal": 175, "available": 176, "docker": 177, "cause": 178, "miss": 179, "torch": 180, "port": 181, "boolean": 182, "worker": 183, "rule": 184, "connection": 185, "call": 186, "second": 187, "invalid": 188, "data": 189, "testing": 190, "command": 191, "help": 192, "parquet": 193, "jdk": 194, "accept": 195, "connector": 196, "application": 197, "plexus": 198, "logback": 199, "handle": 200, "non": 201, "give": 202, "failed": 203, "pass": 204, "well": 205, "setting": 206, "day": 207, "datetime": 208, "implementation": 209, "switch": 210, "behavior": 211, "convert": 212, "properly": 213, "trait": 214, "dongjoon": 215, "koalas": 216, "cluster": 217, "layer": 218, "unitt": 219, "usage": 220, "cache": 221, "constructor": 222, "level": 223, "document": 224, "information": 225, "include": 226, "pattern": 227, "origin": 228, "avoid": 229, "immutable": 230, "export": 231, "codegen": 232, "charset": 233, "refresh": 234, "hasnext": 235, "noformat": 236, "sparkexception": 237, "implement": 238, "ensure": 239, "specify": 240, "mvn": 241, "field": 242, "execute": 243, "describe": 244, "illegalargumentexception": 245, "start": 246, "late": 247, "map": 248, "macos": 249, "apple": 250, "public": 251, "metadata": 252, "cast": 253, "jdbc": 254, "input": 255, "following": 256, "library": 257, "similar": 258, "project": 259, "gregorian": 260, "dtype": 261, "protobuf": 262, "way": 263, "community": 264, "find": 265, "wrap": 266, "enum": 267, "quickfixable": 268, "zero": 269, "kubernete": 270, "dev": 271, "driver": 272, "analysisexception": 273, "executor": 274, "sure": 275, "pysparkruntimeerror": 276, "download": 277, "inconsistency": 278, "ticket": 279, "make": 280, "easy": 281, "base": 282, "sparksession": 283, "configuration": 284, "property": 285, "key": 286, "rdd": 287, "memory": 288, "mode": 289, "exit": 290, "ansi": 291, "dataset": 292, "link": 293, "collection": 294, "coverage": 295, "copy": 296, "sparkr": 297, "platform": 298, "lang": 299, "low": 300, "byte": 301, "arrayseq": 302, "separate": 303, "get": 304, "root": 305, "look": 306, "occur": 307, "bug": 308, "jvm": 309, "dist": 310, "expose": 311, "compilation": 312, "keyword": 313, "scale": 314, "decode": 315, "classloader": 316, "safemodeaction": 317, "tcp": 318, "normally": 319, "job": 320, "streaming": 321, "silicon": 322, "unsupported": 323, "eventually": 324, "attempt": 325, "construct": 326, "easily": 327, "break": 328, "number": 329, "json": 330, "insert": 331, "extend": 332, "welcome": 333, "grep": 334, "anymore": 335, "framework": 336, "bufferediterator": 337, "image": 338, "schedule": 339, "gradle": 340, "action": 341, "functionality": 342, "proper": 343, "view": 344, "different": 345, "proleptic": 346, "refactor": 347, "modify": 348, "rename": 349, "errorclass": 350, "condition": 351, "schema": 352, "compiler": 353, "warehouse": 354, "exclude": 355, "tid": 356, "minimum": 357, "problem": 358, "avro": 359, "setops": 360, "plan": 361, "doxia": 362, "ioexception": 363, "minute": 364, "nullary": 365, "abort": 366, "specific": 367, "maintain": 368, "standard": 369, "fast": 370, "length": 371, "executable": 372, "tree": 373, "sequence": 374, "implicit": 375, "complete": 376, "range": 377, "milestone": 378, "official": 379, "reader": 380, "jun": 381, "unable": 382, "web": 383, "app": 384, "note": 385, "workaround": 386, "happen": 387, "parent": 388, "illegalstateexception": 389, "interface": 390, "group": 391, "conversion": 392, "wrappedarray": 393, "openjdk": 394, "bit": 395, "separator": 396, "generate": 397, "structured": 398, "report": 399, "process": 400, "iterator": 401, "drop": 402, "detail": 403, "install": 404, "obj": 405, "description": 406, "backtick": 407, "identifier": 408, "network": 409, "signature": 410, "location": 411, "recently": 412, "sparkillegalargumentexception": 413, "stringcontext": 414, "mix": 415, "necessary": 416, "lot": 417, "consider": 418, "restrict": 419, "assertionerror": 420, "parser": 421, "small": 422, "func": 423, "profiler": 424, "deserializer": 425, "serializer": 426, "infile": 427, "evaluate": 428, "seqops": 429, "reporting": 430, "pmd": 431, "aircompressor": 432, "volcano": 433, "workload": 434, "host": 435, "mypy": 436, "single": 437, "wrappedcloseableiterator": 438, "dump": 439, "block": 440, "reduce": 441, "debug": 442, "dataframereader": 443, "unit": 444, "profile": 445, "interrupt": 446, "tag": 447, "assertschemaequal": 448, "title": 449, "increase": 450, "dark": 451, "readability": 452, "experience": 453, "pick": 454, "persist": 455, "sort": 456, "old": 457, "udf": 458, "literal": 459, "syntax": 460, "good": 461, "github": 462, "copyright": 463, "testonly": 464, "millisecond": 465, "aborted": 466, "buddy": 467, "migration": 468, "future": 469, "character": 470, "evaluation": 471, "explicitly": 472, "automatic": 473, "guide": 474, "wrong": 475, "thriftserver": 476, "bound": 477, "collect": 478, "valueerror": 479, "correct": 480, "dataframequerycontext": 481, "float": 482, "store": 483, "produce": 484, "row": 485, "appear": 486, "datasource": 487, "skip": 488, "append": 489, "compatibility": 490, "management": 491, "identify": 492, "path": 493, "scalafmt": 494, "detect": 495, "assertpandasonsparkequal": 496, "init": 497, "attribute": 498, "timeout": 499, "refer": 500, "str": 501, "performance": 502, "resource": 503, "complex": 504, "createdataframe": 505, "benchmark": 506, "formatter": 507, "cube": 508, "addition": 509, "discuss": 510, "env": 511, "request": 512, "clear": 513, "sqlstate": 514, "successful": 515, "migrate": 516, "jira": 517, "eliminate": 518, "october": 519, "system": 520, "count": 521, "assert": 522, "variable": 523, "parse": 524, "scan": 525, "mohit": 526, "reference": 527, "console": 528, "privacy": 529, "testudtf": 530, "self": 531, "eval": 532, "libs": 533, "testcompile": 534, "net": 535, "codehaus": 536, "parallel": 537, "jna": 538, "curl": 539, "sub": 540, "runtimeerror": 541, "text": 542, "prevent": 543, "spip": 544, "missing": 545, "junit": 546, "catalognotfoundexception": 547, "fruit": 548, "localhost": 549, "unexpectedly": 550, "refuse": 551, "minor": 552, "proxy": 553, "name": 554, "partitioning": 555, "effectivenumexecutor": 556, "xmlrunner": 557, "blockmanager": 558, "nosuchfileexception": 559, "lint": 560, "generic": 561, "goal": 562, "practice": 563, "handling": 564, "consistent": 565, "manage": 566, "active": 567, "disable": 568, "automatically": 569, "important": 570, "maximum": 571, "oom": 572, "split": 573, "actionable": 574, "show": 575, "color": 576, "save": 577, "benefit": 578, "adjust": 579, "enhance": 580, "javadoc": 581, "building": 582, "lts": 583, "head": 584, "compare": 585, "precede": 586, "total": 587, "control": 588, "mixed": 589, "contain": 590, "vectorized": 591, "snapshot": 592, "suite": 593, "approach": 594, "redact": 595, "explicit": 596, "difference": 597, "mutable": 598, "declare": 599, "classpath": 600, "sharing": 601, "boot": 602, "mllib": 603, "bouncycastle": 604, "end": 605, "multiple": 606, "know": 607, "pivot": 608, "transform": 609, "suggest": 610, "demonstrate": 611, "timezone": 612, "frominternal": 613, "ipython": 614, "portrait": 615, "revert": 616, "leftprojection": 617, "windows": 618, "fully": 619, "jetty": 620, "etc": 621, "session": 622, "internalerror": 623, "derby": 624, "attributeerror": 625, "flexible": 626, "checking": 627, "explanation": 628, "catalog": 629, "stringdecode": 630, "affect": 631, "integertype": 632, "agreement": 633, "step": 634, "extract": 635, "configure": 636, "hard": 637, "numpy": 638, "incorrect": 639, "later": 640, "discussion": 641, "term": 642, "cleanup": 643, "simplify": 644, "treatescape": 645, "hide": 646, "sparkarithmeticexception": 647, "division": 648, "tolerate": 649, "divisor": 650, "bypass": 651, "predicate": 652, "checkerror": 653, "represent": 654, "sparkcontext": 655, "typedef": 656, "definition": 657, "series": 658, "standalone": 659, "apparently": 660, "impact": 661, "quote": 662, "large": 663, "marker": 664, "indicate": 665, "interpret": 666, "hybrid": 667, "scheme": 668, "real": 669, "csv": 670, "rowid": 671, "sqltype": 672, "answer": 673, "sqlexception": 674, "lose": 675, "supported": 676, "assertion": 677, "submission": 678, "todo": 679, "branch": 680, "content": 681, "sample": 682, "international": 683, "conference": 684, "technology": 685, "think": 686, "requirement": 687, "category": 688, "usability": 689, "pythonexception": 690, "tointernal": 691, "positional": 692, "jar": 693, "flaky": 694, "respect": 695, "bouncycastleprovider": 696, "aether": 697, "zstd": 698, "jline": 699, "allocation": 700, "currentname": 701, "existence": 702, "double": 703, "unsupportedoperationexception": 704, "integer": 705, "leave": 706, "status": 707, "refine": 708, "directory": 709, "leverage": 710, "limit": 711, "improvement": 712, "advisory": 713, "ghsa": 714, "slicing": 715, "distribute": 716, "super": 717, "extra": 718, "alter": 719, "amt": 720, "pysparkexception": 721, "maxvalue": 722, "kwd": 723, "put": 724, "taskschedulerimpl": 725, "cancel": 726, "serialization": 727, "lead": 728, "standardized": 729, "bridged": 730, "have": 731, "tuple": 732, "sessionstate": 733, "sharedstate": 734, "streamingquerymanager": 735, "extendedleveldbtest": 736, "manually": 737, "uts": 738, "logger": 739, "options": 740, "operation": 741, "independently": 742, "errorinfo": 743, "messageparameter": 744, "planonlytestfixture": 745, "accessibility": 746, "successfully": 747, "equal": 748, "member": 749, "exceed": 750, "datatype": 751, "caller": 752, "timestamptype": 753, "num": 754, "pretty": 755, "ability": 756, "merge": 757, "decrypt": 758, "bad": 759, "icon": 760, "header": 761, "mistake": 762, "generation": 763, "clang": 764, "darwin": 765, "credit": 766, "license": 767, "incubator": 768, "layout": 769, "nativecodeloader": 770, "native": 771, "builtin": 772, "dagschedulersuite": 773, "initialize": 774, "feb": 775, "dependencytree": 776, "style": 777, "behaviour": 778, "maintenance": 779, "alternative": 780, "escape": 781, "canbuildfrom": 782, "traversable": 783, "url": 784, "seq": 785, "safe": 786, "assume": 787, "inspect": 788, "label": 789, "directly": 790, "runtime": 791, "consult": 792, "upgrading": 793, "loader": 794, "go": 795, "insight": 796, "stability": 797, "register": 798, "reason": 799, "stringindexoutofboundsexception": 800, "checkpoint": 801, "localcheckpoint": 802, "love": 803, "yield": 804, "lambda": 805, "notebook": 806, "temp": 807, "cached": 808, "resulted": 809, "julian": 810, "errorclassesjsonreader": 811, "separators": 812, "rootseparator": 813, "shufflestatus": 814, "solve": 815, "unescapedquotehandling": 816, "intend": 817, "useful": 818, "rightprojection": 819, "bool": 820, "lazylist": 821, "lazy": 822, "tail": 823, "relevant": 824, "broken": 825, "got": 826, "jre": 827, "jmap": 828, "container": 829, "exec": 830, "unknown": 831, "assertdataframeequal": 832, "ignorecolumnname": 833, "stale": 834, "jep": 835, "instanceof": 836, "say": 837, "order": 838, "shell": 839, "unionbyname": 840, "fill": 841, "align": 842, "arraytype": 843, "consistently": 844, "element": 845, "categorical": 846, "entire": 847, "binder": 848, "pypi": 849, "favor": 850, "upper": 851, "batch": 852, "arrow": 853, "reach": 854, "arg": 855, "overload": 856, "xorshiftrandom": 857, "appropriate": 858, "groupby": 859, "pysparktypeerror": 860, "perform": 861, "col": 862, "repro": 863, "recognise": 864, "special": 865, "casing": 866, "extension": 867, "downgrade": 868, "restriction": 869, "bytecode": 870, "compatible": 871, "additional": 872, "comment": 873, "fact": 874, "page": 875, "callsite": 876, "item": 877, "sparknosuchelementexception": 878, "canonical": 879, "partitioned": 880, "illegal": 881, "classifyexception": 882, "prefix": 883, "stringops": 884, "processescape": 885, "assign": 886, "inplace": 887, "stacktrace": 888, "friendly": 889, "msg": 890, "dividebyzeroerror": 891, "sparkerrorutil": 892, "trywithsafefinally": 893, "thread": 894, "dayname": 895, "apis": 896, "retain": 897, "consist": 898, "original": 899, "box": 900, "unboxed": 901, "sparkoutofmemoryerror": 902, "traversableonce": 903, "iterableonce": 904, "accord": 905, "access": 906, "magic": 907, "withorigin": 908, "computation": 909, "typeerror": 910, "relationcommon": 911, "separately": 912, "revisit": 913, "manager": 914, "environment": 915, "rest": 916, "utilization": 917, "monitoring": 918, "security": 919, "dependencie": 920, "discover": 921, "rely": 922, "actual": 923, "component": 924, "enormous": 925, "amount": 926, "feasible": 927, "solution": 928, "trouble": 929, "life": 930, "want": 931, "retrieve": 932, "quick": 933, "determine": 934, "lack": 935, "structtype": 936, "stringtype": 937, "nullable": 938, "oracledialect": 939, "private": 940, "precision": 941, "scalastyle": 942, "types": 943, "oracle": 944, "scheduler": 945, "tasksetmanager": 946, "specifically": 947, "stable": 948, "depend": 949, "devop": 950, "ascii": 951, "decimal": 952, "sessionholder": 953, "hyukjinkwon": 954, "storage": 955, "optional": 956, "hiveexternalcatalogversionssuite": 957, "mailing": 958, "engagement": 959, "nice": 960, "left": 961, "join": 962, "snippet": 963, "dfa": 964, "rulea": 965, "dfb": 966, "ruleb": 967, "inputpaths": 968, "stderr": 969, "parsed": 970, "shake": 971, "haptic": 972, "mobile": 973, "human": 974, "computer": 975, "interaction": 976, "interact": 977, "bias": 978, "acceptance": 979, "social": 980, "interactive": 981, "neuroanatomy": 982, "exploration": 983, "soon": 984, "platformcl": 985, "accessible": 986, "individual": 987, "analyze": 988, "exactly": 989, "unnecessary": 990, "fat": 991, "size": 992, "staff": 993, "aug": 994, "bouncy": 995, "castle": 996, "jce": 997, "provider": 998, "realm": 999, "sink": 1000, "snappy": 1001, "com": 1002, "shade": 1003, "gradlewrappermain": 1004, "jsonparseexception": 1005, "getcurrentname": 1006, "final": 1007, "decide": 1008, "brokennullcheck": 1009, "ruleset": 1010, "checkskipresult": 1011, "enforce": 1012, "remain": 1013, "checkvalue": 1014, "debuggable": 1015, "torchdistributor": 1016, "training": 1017, "stdout": 1018, "detailed": 1019, "launcher": 1020, "redaction": 1021, "jwsfilter": 1022, "airlift": 1023, "commit": 1024, "securitymanager": 1025, "open": 1026, "enter": 1027, "ischecked": 1028, "sparkthrowable": 1029, "values": 1030, "docstre": 1031, "predef": 1032, "pandasapionsparkadvicewarne": 1033, "pandasapionsparkadvicewarning": 1034, "futurewarning": 1035, "receive": 1036, "npe": 1037, "eagerly": 1038, "existent": 1039, "developer": 1040, "plot": 1041, "draw": 1042, "chart": 1043, "prefer": 1044, "scientist": 1045, "tend": 1046, "grow": 1047, "risk": 1048, "place": 1049, "overhead": 1050, "success": 1051, "vote": 1052, "protobuffunctionssuite": 1053, "concise": 1054, "sync": 1055, "getmessage": 1056, "powerful": 1057, "understand": 1058, "creation": 1059, "hiveddlsuite": 1060, "regular": 1061, "orange": 1062, "mango": 1063, "interpolate": 1064, "crash": 1065, "segmentation": 1066, "fault": 1067, "oracleintegrationsuite": 1068, "mssqlservernamespacesuite": 1069, "verify": 1070, "firewall": 1071, "classic": 1072, "filename": 1073, "direct": 1074, "language": 1075, "umbrella": 1076, "synchronize": 1077, "grpcretryhandler": 1078, "retryiterator": 1079, "seal": 1080, "serializable": 1081, "inset": 1082, "collation": 1083, "observe": 1084, "collectmetric": 1085, "localrelation": 1086, "invalidschemaexception": 1087, "infer": 1088, "natively": 1089, "suppression": 1090, "hadooprdd": 1091, "grpcexceptionconverter": 1092, "unidoc": 1093, "jenkins": 1094, "builder": 1095, "xml": 1096, "threeten": 1097, "exclusion": 1098, "sparkunsupportedoperationexception": 1099, "removeblockinternal": 1100, "kill": 1101, "dagscheduler": 1102, "resultstage": 1103, "urlerror": 1104, "sparkinstallationtestcase": 1105, "custom": 1106, "codebase": 1107, "utilize": 1108, "confusion": 1109, "difficulty": 1110, "establish": 1111, "mandate": 1112, "adhere": 1113, "informative": 1114, "despite": 1115, "simplification": 1116, "genericdata": 1117, "product": 1118, "streamingquery": 1119, "streamingqueries": 1120, "cachemgmt": 1121, "cover": 1122, "screenshot": 1123, "extendedrocksdbt": 1124, "activate": 1125, "abstractlogger": 1126, "rocksdb": 1127, "deflake": 1128, "interrupted": 1129, "pypy": 1130, "terminate": 1131, "middle": 1132, "possible": 1133, "mockdf": 1134, "reusedconnecttestcase": 1135, "testcase": 1136, "pysparkerrortestutils": 1137, "nameerror": 1138, "bright": 1139, "visibility": 1140, "popularity": 1141, "eye": 1142, "comfort": 1143, "energy": 1144, "readable": 1145, "light": 1146, "font": 1147, "optimal": 1148, "hinder": 1149, "overall": 1150, "doclet": 1151, "heading": 1152, "constant": 1153, "serialize": 1154, "overview": 1155, "allclasse": 1156, "allpackage": 1157, "sep": 1158, "comparable": 1159, "cross": 1160, "tell": 1161, "propose": 1162, "flavour": 1163, "sparks": 1164, "overlap": 1165, "arithmetic": 1166, "flavor": 1167, "coexist": 1168, "retire": 1169, "semantic": 1170, "breakage": 1171, "equivalency": 1172, "meet": 1173, "dll": 1174, "infra": 1175, "side": 1176, "datetype": 1177, "printing": 1178, "persistence": 1179, "discovery": 1180, "thrift": 1181, "integration": 1182, "face": 1183, "impossible": 1184, "callable": 1185, "deprecationwarning": 1186, "abc": 1187, "stop": 1188, "reinstate": 1189, "renderlevel": 1190, "simplelogger": 1191, "cloudpickle": 1192, "serde": 1193, "orcfileformat": 1194, "wrapper": 1195, "sparksubmitargument": 1196, "succeed": 1197, "okay": 1198, "mockmaker": 1199, "alternate": 1200, "testsfailedexception": 1201, "unsuccessful": 1202, "agent": 1203, "evict": 1204, "convention": 1205, "domain": 1206, "apiversion": 1207, "obsolete": 1208, "workflow": 1209, "yearmonthintervaltype": 1210, "reenable": 1211, "releasesession": 1212, "raw": 1213, "especially": 1214, "leak": 1215, "secret": 1216, "behavioral": 1217, "involve": 1218, "era": 1219, "opencontainers": 1220, "annotation": 1221, "ubuntu": 1222, "desire": 1223, "bootstrap": 1224, "appendedfailure": 1225, "incompatible": 1226, "orcencryptionsuite": 1227, "fakekeyprovider": 1228, "queryexecutionerrorssuite": 1229, "begin": 1230, "disallow": 1231, "discourage": 1232, "ago": 1233, "arbitrary": 1234, "mysterious": 1235, "honestly": 1236, "dcast": 1237, "pkg": 1238, "dataframes": 1239, "knowledge": 1240, "limited": 1241, "guidance": 1242, "min": 1243, "minimal": 1244, "tzinfo": 1245, "encoding": 1246, "ivy": 1247, "display": 1248, "offset": 1249, "derive": 1250, "microsecond": 1251, "epoch": 1252, "defaultprettyprinter": 1253, "print": 1254, "simply": 1255, "serializedstring": 1256, "defensive": 1257, "protection": 1258, "misdocumente": 1259, "correctly": 1260, "twice": 1261, "overwrite": 1262, "right": 1263, "groupbytest": 1264, "fork": 1265, "fasle": 1266, "tostream": 1267, "iterableonceops": 1268, "blockinglinestream": 1269, "sequential": 1270, "combop": 1271, "jersey": 1272, "doct": 1273, "ordereddict": 1274, "remote": 1275, "optimize": 1276, "factorize": 1277, "reflect": 1278, "uuid": 1279, "phase": 1280, "analysis": 1281, "hit": 1282, "correspond": 1283, "vendor": 1284, "dockerfile": 1285, "azul": 1286, "zulu": 1287, "response": 1288, "daemon": 1289, "shim": 1290, "oci": 1291, "runc": 1292, "updatingsessionsiterator": 1293, "mergingsessionsiterator": 1294, "unformatted": 1295, "formatting": 1296, "pysparkstreamingtestcase": 1297, "partially": 1298, "likely": 1299, "circular": 1300, "maxerror": 1301, "showonlydiff": 1302, "maxrowsshow": 1303, "kafkacontinuoustest": 1304, "compact": 1305, "troubleshoot": 1306, "optionally": 1307, "var": 1308, "rows": 1309, "casting": 1310, "upload": 1311, "installation": 1312, "slightly": 1313, "ignore": 1314, "binary": 1315, "pruning": 1316, "wrongly": 1317, "arraycol": 1318, "recover": 1319, "userwarning": 1320, "optimization": 1321, "continue": 1322, "fallback": 1323, "columns": 1324, "pin": 1325, "basically": 1326, "basepluginextension": 1327, "basepluginconvention": 1328, "archivesname": 1329, "suppress": 1330, "configurationhelper": 1331, "cute": 1332, "rollup": 1333, "columnorname": 1334, "groupeddata": 1335, "multi": 1336, "dimensional": 1337, "aggregation": 1338, "versionadde": 1339, "versionchange": 1340, "narrow": 1341, "scope": 1342, "processor": 1343, "general": 1344, "obscure": 1345, "mirror": 1346, "compat": 1347, "particular": 1348, "hour": 1349, "pos": 1350, "planner": 1351, "unresolved": 1352, "high": 1353, "mention": 1354, "strong": 1355, "sun": 1356, "directbuffer": 1357, "zoneinfo": 1358, "streamdecoder": 1359, "invisible": 1360, "submit": 1361, "possibility": 1362, "short": 1363, "surface": 1364, "pull": 1365, "ghprbpulltitle": 1366, "publicly": 1367, "extended": 1368, "destination": 1369, "inpath": 1370, "hello": 1371, "illegalformatargumentindexexception": 1372, "dialect": 1373, "rebase": 1374, "checklength": 1375, "replaceallliterally": 1376, "specification": 1377, "cloud": 1378, "asl": 1379, "ganglia": 1380, "lgpl": 1381, "yarn": 1382, "shuffle": 1383, "categoricalindex": 1384, "netty": 1385, "cgi": 1386, "vuln": 1387, "improved": 1388, "figure": 1389, "bunch": 1390, "queryexecutionerror": 1391, "processnext": 1392, "bufferedrowiterator": 1393, "sparkplan": 1394, "mappartitionsrdd": 1395, "compute": 1396, "computeorreadcheckpoint": 1397, "resulttask": 1398, "runtask": 1399, "taskcontext": 1400, "runtaskwithlistener": 1401, "threadpoolexecutor": 1402, "runworker": 1403, "letter": 1404, "abbreviation": 1405, "allissue": 1406, "satisfy": 1407, "pair": 1408, "satisfie": 1409, "strict": 1410, "mapview": 1411, "lookup": 1412, "sources": 1413, "dropwizard": 1414, "metric": 1415, "pyarrow": 1416, "rich": 1417, "replcace": 1418, "bump": 1419, "dependent": 1420, "traverse": 1421, "nametypeholder": 1422, "hint": 1423, "ran": 1424, "psdf": 1425, "defnition": 1426, "reuse": 1427, "running": 1428, "subsystem": 1429, "inside": 1430, "history": 1431, "recovery": 1432, "scheduling": 1433, "elastic": 1434, "audit": 1435, "grpc": 1436, "legitimate": 1437, "purpose": 1438, "potential": 1439, "loss": 1440, "come": 1441, "commercial": 1442, "party": 1443, "sensitive": 1444, "unlikely": 1445, "lieu": 1446, "incorrectly": 1447, "vice": 1448, "versa": 1449, "previously": 1450, "similarly": 1451, "flag": 1452, "realize": 1453, "far": 1454, "big": 1455, "headache": 1456, "regression": 1457, "restore": 1458, "structfield": 1459, "pysparkvalueerror": 1460, "city": 1461, "jdbcutils": 1462, "getcatalysttype": 1463, "sign": 1464, "longtype": 1465, "rare": 1466, "rowidaccessor": 1467, "decompile": 1468, "getlong": 1469, "overriden": 1470, "ci": 1471, "newly": 1472, "sparkpandasnotimplementederror": 1473, "violate": 1474, "fraction": 1475, "importerror": 1476, "celltype": 1477, "fall": 1478, "waring": 1479, "pysaprk": 1480, "args": 1481, "prepare": 1482, "eol": 1483, "lists": 1484, "homepage": 1485, "inspire": 1486, "docs": 1487, "effectively": 1488, "section": 1489, "curate": 1490, "stackoverflow": 1491, "question": 1492, "offer": 1493, "deep": 1494, "vectorize": 1495, "reading": 1496, "vectorization": 1497, "position": 1498, "simpleapp": 1499, "div": 1500, "undesired": 1501, "projection": 1502, "explain": 1503, "scenario": 1504, "aid": 1505, "aval": 1506, "bid": 1507, "bval": 1508, "physical": 1509, "broadcasthashouterjoin": 1510, "leftouter": 1511, "water": 1512, "production": 1513, "huge": 1514, "external": 1515, "tab": 1516, "textparsingexception": 1517, "processing": 1518, "profiles": 1519, "studies": 1520, "services": 1521, "study": 1522, "service": 1523, "webist": 1524, "interfaces": 1525, "internationa": 1526, "arrayindexoutofboundsexception": 1527, "decrease": 1528, "isolatedclientloader": 1529, "rootclassloader": 1530, "intended": 1531, "delegation": 1532, "udtf": 1533, "incompatibility": 1534, "outfile": 1535, "mapper": 1536, "res": 1537, "reduction": 1538, "contribution": 1539, "move": 1540, "pure": 1541, "packaging": 1542, "initial": 1543, "reversemap": 1544, "union": 1545, "classification": 1546, "mapinplace": 1547, "indexedseq": 1548, "numcoefficientset": 1549, "trunk": 1550, "cnfe": 1551, "required": 1552, "strategy": 1553, "selffirststrategy": 1554, "share": 1555, "eclipse": 1556, "logging": 1557, "commons": 1558, "tukaani": 1559, "luben": 1560, "swoval": 1561, "openhft": 1562, "foreign": 1563, "early": 1564, "asm": 1565, "away": 1566, "trigger": 1567, "pser": 1568, "psser": 1569, "internally": 1570, "gradlew": 1571, "wget": 1572, "alpine": 1573, "classnotfoundexception": 1574, "bloated": 1575, "alias": 1576, "abstract": 1577, "associate": 1578, "token": 1579, "gettext": 1580, "direction": 1581, "mapvaluesinplace": 1582, "one": 1583, "backporte": 1584, "mandatory": 1585, "sqlimplicit": 1586, "configbuilder": 1587, "impression": 1588, "facilitate": 1589, "resetsystempropertie": 1590, "kafkatestutils": 1591, "suppose": 1592, "secure": 1593, "centralized": 1594, "launch": 1595, "sbin": 1596, "transitive": 1597, "zstdoutputstream": 1598, "corruption": 1599, "team": 1600, "mark": 1601, "removal": 1602, "ischecke": 1603, "nn": 1604, "combinator": 1605, "stat": 1606, "pythondatasent": 1607, "pythondatareceive": 1608, "pythonnumrowsreceive": 1609, "docstring": 1610, "interrupttag": 1611, "interruptall": 1612, "filesystempersistenceengine": 1613, "average": 1614, "measure": 1615, "speedup": 1616, "injection": 1617, "bring": 1618, "adapt": 1619, "statusco": 1620, "suspect": 1621, "usually": 1622, "forget": 1623, "proto": 1624, "databrick": 1625, "koala": 1626, "mail": 1627, "articulate": 1628, "objective": 1629, "absolutely": 1630, "jargon": 1631, "proposal": 1632, "design": 1633, "materialize": 1634, "unlike": 1635, "today": 1636, "commonly": 1637, "science": 1638, "daily": 1639, "difficult": 1640, "learn": 1641, "believe": 1642, "people": 1643, "dask": 1644, "modin": 1645, "care": 1646, "significantly": 1647, "technically": 1648, "greatly": 1649, "maturity": 1650, "pyt": 1651, "plain": 1652, "few": 1653, "indexing": 1654, "potentially": 1655, "apply": 1656, "challenge": 1657, "mid": 1658, "exam": 1659, "thing": 1660, "confirm": 1661, "convenience": 1662, "actually": 1663, "feedback": 1664, "statistic": 1665, "edit": 1666, "achieve": 1667, "sparkthrowablesuite": 1668, "debuggability": 1669, "helpful": 1670, "obtain": 1671, "streamline": 1672, "debugging": 1673, "migrating": 1674, "variety": 1675, "organize": 1676, "organizing": 1677, "parameterized": 1678, "parameterize": 1679, "conditional": 1680, "simple": 1681, "importantly": 1682, "inactive": 1683, "prohibit": 1684, "testable": 1685, "effect": 1686, "temporary": 1687, "nosuchelementexception": 1688, "outputwriter": 1689, "record": 1690, "postpone": 1691, "rggv": 1692, "close": 1693, "idle": 1694, "congest": 1695, "statement": 1696, "futurewarne": 1697, "sphinx": 1698, "homebrew": 1699, "isocalendar": 1700, "executormemoryhead": 1701, "executoroverheadmemory": 1702, "compress": 1703, "sum": 1704, "fold": 1705, "eofexception": 1706, "regex": 1707, "readyz": 1708, "readinessprobe": 1709, "standby": 1710, "listener": 1711, "vanilla": 1712, "tarball": 1713, "major": 1714, "iloc": 1715, "executeplanresponsereattachableiterator": 1716, "freeze": 1717, "july": 1718, "cut": 1719, "backport": 1720, "cycle": 1721, "extendedsqltest": 1722, "slowsqltest": 1723, "folder": 1724, "explainmode": 1725, "tostring": 1726, "clone": 1727, "logevent": 1728, "queryexecutionsuite": 1729, "investigate": 1730, "send": 1731, "truly": 1732, "anyref": 1733, "sqlcontext": 1734, "delete": 1735, "sparkbuild": 1736, "holder": 1737, "maintainability": 1738, "perspective": 1739, "sourcetype": 1740, "targettype": 1741, "aware": 1742, "cli": 1743, "moment": 1744, "parity": 1745, "encapsulate": 1746, "outside": 1747, "illegalaccessexception": 1748, "inaccessible": 1749, "invocationhandler": 1750, "membership": 1751, "static": 1752, "sparkconnectprotosuite": 1753, "enforcer": 1754, "surefire": 1755, "checkstyle": 1756, "script": 1757, "unclear": 1758, "naming": 1759, "patch": 1760, "theme": 1761, "stringtodate": 1762, "consume": 1763, "yyyy": 1764, "resolve": 1765, "unexpected": 1766, "saving": 1767, "partitionby": 1768, "structure": 1769, "choose": 1770, "inference": 1771, "limitation": 1772, "idea": 1773, "reproduce": 1774, "space": 1775, "jmock": 1776, "track": 1777, "progress": 1778, "wait": 1779, "scalat": 1780, "maybe": 1781, "qppj": 1782, "uncaught": 1783, "sparksqldriver": 1784, "datetimeexception": 1785, "zoneoffset": 1786, "sparkconf": 1787, "dynamic": 1788, "overflow": 1789, "defaultmaxnumexecutorfailures": 1790, "defaultmaxnumexecutorfailure": 1791, "calculate": 1792, "influence": 1793, "filescanrdd": 1794, "newhadooprdd": 1795, "confuse": 1796, "jni": 1797, "helper": 1798, "duplicate": 1799, "messageparameters": 1800, "errorparams": 1801, "great": 1802, "pr": 1803, "nest": 1804, "conf": 1805, "inferarraytypefromfirstelement": 1806, "classify": 1807, "testrunner": 1808, "runtests": 1809, "stopt": 1810, "callback": 1811, "xmltestresult": 1812, "mean": 1813, "respectively": 1814, "settable": 1815, "downstream": 1816, "historyserversuite": 1817, "storedir": 1818, "incomplete": 1819, "search": 1820, "enforcebytecodeversion": 1821, "hash": 1822, "jackson": 1823, "easier": 1824}