topic_0	topic_1	topic_2	topic_3	topic_4	topic_5	topic_6	topic_7	topic_8	topic_9	topic_10	topic_11
0.015586704	0.82402116	0.01511321	0.01648141	0.015326795	0.01679759	0.016896194	0.015207306	0.016564354	0.016144048	0.015945232	0.015916009
0.026144272	0.027378192	0.025351815	0.02764394	0.025709834	0.028174512	0.028341938	0.025509594	0.7052202	0.02708022	0.026746763	0.026698673
0.039535627	0.041401666	0.03833678	0.04180431	0.03887869	0.042605754	0.55507356	0.03857543	0.042017456	0.040950783	0.04044701	0.04037295
0.012967372	0.01357954	0.01257411	0.013711315	0.012751843	0.85398513	0.014057309	0.012652378	0.013781343	0.0134313805	0.0132663045	0.013241956
0.026144138	0.027378118	0.025351368	0.027644336	0.025709718	0.028174322	0.7057789	0.025509186	0.02778532	0.027079917	0.026746813	0.026697844
0.026144274	0.027378136	0.025351387	0.027644387	0.025709962	0.028174404	0.32447916	0.025509559	0.02778538	0.40837854	0.02674692	0.026697865
0.019529514	0.020451162	0.01893708	0.020649554	0.019204853	0.2315791	0.021170858	0.01905517	0.020755187	0.568745	0.019979617	0.019942876
0.019529289	0.020451061	0.018937021	0.020649549	0.01920483	0.021045703	0.021170564	0.7781057	0.020756045	0.020228103	0.019979363	0.019942807
0.081051566	0.08487721	0.07859389	0.085701175	0.0797048	0.08734513	0.08786323	0.0790832	0.086139515	0.08395223	0.082919896	0.08276816
0.38176358	0.016321497	0.015113212	0.01648015	0.015326768	0.016796062	0.01689572	0.015207268	0.45809063	0.01614378	0.015945436	0.015915941
0.081051566	0.08487721	0.07859389	0.085701175	0.0797048	0.08734513	0.08786323	0.0790832	0.086139515	0.08395223	0.082919896	0.08276816
0.015585813	0.016321575	0.015113175	0.01647994	0.015326775	0.8245002	0.01689616	0.015207233	0.016564202	0.016143538	0.015945422	0.015915904
0.081051566	0.08487721	0.07859389	0.085701175	0.0797048	0.08734513	0.08786323	0.0790832	0.086139515	0.08395223	0.082919896	0.08276816
0.081051566	0.08487721	0.07859389	0.085701175	0.0797048	0.08734513	0.08786323	0.0790832	0.086139515	0.08395223	0.082919896	0.08276816
0.039535627	0.041401666	0.03833678	0.041804314	0.03887869	0.042605754	0.55507356	0.03857543	0.042017456	0.040950783	0.04044701	0.04037295
0.019529203	0.27708086	0.018937064	0.02064962	0.019204702	0.02104616	0.021171266	0.019054983	0.020755263	0.02022812	0.52239984	0.01994291
0.081051566	0.08487721	0.07859389	0.085701175	0.0797048	0.08734513	0.08786323	0.0790832	0.086139515	0.08395223	0.082919896	0.08276816
0.026144171	0.0273782	0.0253517	0.70507586	0.025709772	0.028174454	0.028345263	0.0255092	0.02778556	0.027080443	0.026746906	0.026698468
0.081051566	0.08487721	0.07859389	0.085701175	0.0797048	0.08734513	0.08786323	0.0790832	0.086139515	0.08395223	0.082919896	0.08276816
0.02614424	0.027378337	0.025351465	0.027643932	0.02570971	0.70560867	0.028342882	0.025509205	0.027785504	0.027079813	0.026748145	0.026698053
0.081051566	0.08487721	0.07859389	0.085701175	0.0797048	0.08734513	0.08786323	0.0790832	0.086139515	0.08395223	0.082919896	0.08276816
0.015585808	0.016321827	0.0151131665	0.82418257	0.015326829	0.016796822	0.016896814	0.015207255	0.016564243	0.016143616	0.015945176	0.015915902
0.0064579886	0.66940224	0.0062621515	0.006828546	0.0063505294	0.26464215	0.00700086	0.0063010715	0.006863721	0.006689166	0.0066066664	0.006594926
0.03953563	0.04140167	0.038336784	0.041804314	0.038878694	0.042605758	0.5550735	0.038575433	0.042017456	0.040950786	0.04044701	0.040372953
0.0395358	0.041403417	0.03833683	0.041805007	0.038878847	0.5548159	0.042859964	0.038575467	0.04201775	0.0409505	0.040447503	0.040373046
0.55174965	0.041401908	0.038336765	0.041804608	0.03887865	0.04260565	0.04285861	0.038575444	0.04201761	0.040951133	0.04044699	0.040372953
0.019529387	0.02045099	0.018937027	0.020649526	0.7782547	0.021045653	0.02117065	0.019055316	0.020755183	0.020229187	0.019979546	0.019942816
0.5517497	0.041401908	0.03833677	0.04180457	0.038878653	0.042605653	0.04285861	0.038575444	0.042017613	0.040951136	0.04044699	0.040372953
0.039535582	0.04140176	0.038337003	0.041803584	0.038878653	0.042605642	0.0428582	0.038575552	0.5542318	0.040950637	0.040448364	0.04037323
0.081051566	0.08487721	0.07859389	0.085701175	0.0797048	0.08734513	0.08786323	0.0790832	0.086139515	0.08395223	0.082919896	0.08276816
0.019529315	0.020450996	0.018937273	0.020650052	0.019204807	0.021045974	0.021173159	0.019055031	0.02075553	0.7792751	0.019979466	0.019943273
0.03953601	0.04140199	0.03833685	0.041803643	0.03887864	0.5548204	0.0428587	0.03857543	0.042017445	0.040950578	0.040447265	0.04037302
0.081051566	0.08487721	0.07859389	0.085701175	0.0797048	0.08734513	0.08786323	0.0790832	0.086139515	0.08395223	0.082919896	0.08276816
0.039535634	0.04140167	0.038336787	0.041804317	0.038878694	0.04260576	0.5550735	0.038575437	0.04201746	0.040950786	0.040447015	0.040372957
0.081051566	0.08487721	0.07859389	0.085701175	0.0797048	0.08734513	0.08786323	0.0790832	0.086139515	0.08395223	0.082919896	0.08276816
0.011102158	0.18337493	0.0107654715	0.011739063	0.010917714	0.011964271	0.012035237	0.70210695	0.011799258	0.011499631	0.011358053	0.011337247
0.081051566	0.08487721	0.07859389	0.085701175	0.0797048	0.08734513	0.08786323	0.0790832	0.086139515	0.08395223	0.082919896	0.08276816
0.026144406	0.02737816	0.025351355	0.02764395	0.70314723	0.028174166	0.028341284	0.025509255	0.027785355	0.02707983	0.026747156	0.026697839
0.039535794	0.041401662	0.038336765	0.04180358	0.038879074	0.04260553	0.04285855	0.038576145	0.042017456	0.55316544	0.04044707	0.040372904
0.03953558	0.041401755	0.038337	0.041803584	0.03887865	0.04260564	0.042858195	0.03857555	0.5542319	0.040950634	0.040448356	0.040373225
0.026144285	0.027378855	0.0253514	0.027644292	0.025709746	0.70561016	0.02834196	0.025509197	0.027785394	0.02707979	0.026747013	0.026697887
0.005959223	0.006240634	0.0057785586	0.0063014743	0.005860192	0.7515153	0.006460179	0.0058145183	0.18771511	0.0061725504	0.0060966983	0.006085556
0.039535794	0.041401662	0.038336765	0.04180358	0.038879074	0.04260553	0.04285855	0.038576137	0.042017456	0.55316544	0.04044707	0.040372904
0.5488605	0.02045107	0.018937046	0.020650098	0.019205105	0.021045798	0.25088906	0.019054981	0.020755263	0.020228447	0.019979734	0.019942869
0.039535724	0.04140167	0.550548	0.041803587	0.038878694	0.042605948	0.04285918	0.038575497	0.04201861	0.040951297	0.04044691	0.040374827
0.0035160724	0.9603011	0.0034094602	0.0037178413	0.003457622	0.0037891204	0.0038116248	0.0034306606	0.0037367973	0.003641929	0.0035971613	0.003590575
0.0129673565	0.013579549	0.012574122	0.013711315	0.012751847	0.8539843	0.014057542	0.012652381	0.013781377	0.013431382	0.013266843	0.013241987
0.081051566	0.08487721	0.07859389	0.085701175	0.0797048	0.08734513	0.08786323	0.0790832	0.086139515	0.08395223	0.082919896	0.08276816
0.081051566	0.08487721	0.07859389	0.085701175	0.0797048	0.08734513	0.08786323	0.0790832	0.086139515	0.08395223	0.082919896	0.08276816
0.019529732	0.020451454	0.018937072	0.020649726	0.0192053	0.78008884	0.021171086	0.019056274	0.020759987	0.02022816	0.019979479	0.019942876
0.039535634	0.04140167	0.038336787	0.041804317	0.038878694	0.04260576	0.5550735	0.038575437	0.04201746	0.040950786	0.040447015	0.040372957
0.026144253	0.027378177	0.025351359	0.027643926	0.025709946	0.028174255	0.028341493	0.70294535	0.027785955	0.027080635	0.026746811	0.02669782
0.015585819	0.016321417	0.015113193	0.016479842	0.015326901	0.016795987	0.016895577	0.015207273	0.016565172	0.016143575	0.8236493	0.01591591
0.081051566	0.08487721	0.07859389	0.085701175	0.0797048	0.08734513	0.08786323	0.0790832	0.086139515	0.08395223	0.082919896	0.08276816
0.0395358	0.041403253	0.03833683	0.04180501	0.038878847	0.554816	0.042859964	0.038575467	0.04201775	0.0409505	0.0404475	0.040373046
0.019529233	0.020451054	0.01893735	0.020650534	0.019204753	0.021045793	0.24911948	0.019054927	0.02075537	0.020228675	0.019979471	0.55104333
0.026144113	0.027378168	0.025351483	0.0276439	0.0257097	0.028174262	0.028341295	0.02550925	0.7052225	0.027079841	0.026747536	0.026697991
0.019529484	0.020451283	0.018937044	0.5465967	0.25230774	0.02104582	0.021170616	0.01905507	0.02075529	0.020228274	0.019979747	0.019942967
0.039535634	0.04140167	0.038336787	0.041804317	0.038878694	0.04260576	0.5550735	0.038575437	0.04201746	0.040950786	0.040447015	0.040372957
0.081051566	0.08487721	0.07859389	0.085701175	0.0797048	0.08734513	0.08786323	0.0790832	0.086139515	0.08395223	0.082919896	0.08276816
0.00704744	0.0073801614	0.006833718	0.0074520456	0.0069303056	0.9206442	0.0076397774	0.0068762777	0.0074898303	0.0072996523	0.007209882	0.0071967146
0.081051566	0.08487721	0.07859389	0.085701175	0.0797048	0.08734513	0.08786323	0.0790832	0.086139515	0.08395223	0.082919896	0.08276816
0.019529337	0.020450989	0.018937042	0.020649763	0.019204943	0.021045752	0.59169614	0.019055285	0.020755192	0.20875324	0.019979488	0.019942833
0.081051566	0.08487721	0.07859389	0.085701175	0.0797048	0.08734513	0.08786323	0.0790832	0.086139515	0.08395223	0.082919896	0.08276816
0.012967293	0.013579489	0.012574154	0.8537222	0.012751843	0.013974291	0.0140571585	0.012652417	0.013781383	0.013431478	0.013266211	0.01324212
0.02614435	0.02737831	0.025351385	0.027644407	0.025710013	0.028174529	0.40174282	0.025509842	0.33181968	0.027079944	0.02674683	0.026697867
0.039536014	0.041401993	0.038336854	0.041803643	0.03887864	0.5548204	0.042858705	0.038575433	0.042017445	0.040950578	0.04044727	0.040373024
0.015585879	0.016321866	0.015113162	0.64091164	0.015326955	0.016796654	0.01689607	0.19847809	0.01656514	0.01614357	0.015945109	0.015915925
0.039535634	0.04140167	0.038336787	0.041804317	0.038878694	0.04260576	0.5550735	0.038575437	0.04201746	0.040950786	0.040447015	0.040372957
0.55174965	0.041401908	0.038336765	0.041804597	0.03887865	0.04260565	0.04285861	0.038575444	0.04201761	0.040951136	0.04044699	0.040372953
0.0030933584	0.121131144	0.0029995607	0.0032708829	0.0030419289	0.0033337849	0.18185343	0.0030182265	0.6687301	0.0032040766	0.0031646453	0.0031589174
0.18748873	0.013580033	0.012574324	0.013711948	0.012751951	0.013975538	0.014058106	0.012652471	0.67926633	0.013431731	0.0132664535	0.01324237
0.02614422	0.027378917	0.025351703	0.705077	0.025709817	0.028175632	0.028342111	0.025509208	0.02778566	0.027080176	0.026747083	0.026698483
0.019529207	0.020451304	0.018937152	0.50652623	0.019204734	0.021045916	0.021170637	0.019055065	0.29392835	0.020228282	0.019980015	0.019943103
0.008621871	0.009029026	0.008360451	0.009116889	0.008478597	0.670417	0.009346632	0.0084125	0.009163532	0.008930459	0.24131854	0.008804555
0.026144112	0.027378522	0.02535138	0.7050809	0.025709733	0.02817446	0.028341522	0.025509303	0.027785413	0.027079878	0.026746763	0.02669801
0.019529197	0.31133008	0.01893704	0.4888216	0.019204723	0.021045908	0.021170655	0.019055044	0.02075524	0.020228194	0.019979378	0.019942941
0.039535582	0.04140177	0.038337033	0.041803584	0.038878653	0.042605665	0.0428582	0.038575567	0.042020544	0.04095066	0.55265945	0.040373273
0.039535627	0.041401666	0.03833678	0.04180431	0.03887869	0.042605754	0.55507356	0.03857543	0.042017456	0.040950783	0.04044701	0.04037295
0.0077555487	0.9124347	0.0075203488	0.008200458	0.007626697	0.008357784	0.008407351	0.0075673186	0.008242686	0.008033068	0.007934292	0.00791977
0.039535582	0.04140176	0.038337003	0.041803584	0.038878653	0.042605646	0.0428582	0.038575552	0.55423087	0.040950637	0.040449295	0.040373232
0.012967295	0.013579382	0.01257414	0.013711179	0.012751829	0.0139743155	0.014057257	0.012652396	0.013781741	0.013431394	0.8532771	0.013242003
0.00645791	0.0067627365	0.006262005	0.006828368	0.0063506737	0.0069594914	0.007000686	0.0063010124	0.9271866	0.0066889534	0.006606932	0.006594638
0.026144173	0.027378201	0.025351701	0.7050762	0.025709774	0.028174456	0.028344851	0.025509201	0.027785564	0.027080445	0.026746908	0.02669847
0.0027613775	0.8870271	0.0026777314	0.0029197447	0.08451011	0.0029758639	0.0029935671	0.0026942831	0.0029348817	0.0028602944	0.002825012	0.0028200692
0.012967373	0.013579445	0.012574135	0.01371127	0.012751836	0.48080298	0.38723913	0.012652382	0.013781382	0.013431426	0.013266633	0.013242014
0.55174965	0.041401908	0.03833677	0.041804574	0.038878653	0.042605653	0.04285861	0.038575444	0.042017613	0.04095119	0.04044699	0.040372953
0.081051566	0.08487721	0.07859389	0.085701175	0.0797048	0.08734513	0.08786323	0.0790832	0.086139515	0.08395223	0.082919896	0.08276816
0.026144497	0.027378246	0.025354873	0.02764396	0.0257098	0.70560026	0.028343119	0.025509318	0.02778738	0.027081199	0.026746873	0.026700431
0.3242415	0.027378302	0.025351387	0.02764498	0.025709735	0.028174464	0.4076798	0.025509203	0.027785484	0.027080387	0.026746878	0.02669789
0.026144113	0.027378367	0.025351686	0.70507985	0.025709739	0.028174339	0.028341409	0.02550925	0.027785556	0.027080221	0.026746813	0.026698673
0.015585817	0.016321674	0.015113168	0.01648096	0.015326902	0.016796274	0.2689516	0.5708541	0.016564492	0.016143948	0.015945062	0.015915982
0.039535806	0.041403256	0.038336832	0.04180501	0.03887885	0.55481607	0.042859968	0.03857547	0.04201775	0.040950503	0.040447503	0.040373046
0.039535798	0.04140326	0.038336825	0.041805003	0.038878847	0.554816	0.042859964	0.038575463	0.042017747	0.040950496	0.0404475	0.040373042
0.7035812	0.027378246	0.02535136	0.02764441	0.025709698	0.028174266	0.028341511	0.025509194	0.0277854	0.027080098	0.026746802	0.026697842
0.53340507	0.02045108	0.018937042	0.020650283	0.019204726	0.021045823	0.26634496	0.019054929	0.020755244	0.0202285	0.019979447	0.019942855
0.026144229	0.027378118	0.02535136	0.027643899	0.025709921	0.028174205	0.02834148	0.025509734	0.027785322	0.70451707	0.026746845	0.02669782
0.008621831	0.009029269	0.008360506	0.90274054	0.00847858	0.009291385	0.009346458	0.008412479	0.009163154	0.008930538	0.008820597	0.008804705
0.0155857615	0.01632183	0.015113234	0.8241838	0.015326801	0.016796414	0.016895855	0.015207263	0.016564248	0.01614366	0.015945088	0.015916055
0.081051566	0.08487721	0.07859389	0.085701175	0.0797048	0.08734513	0.08786323	0.0790832	0.086139515	0.08395223	0.082919896	0.08276816
0.026144186	0.02737812	0.70278704	0.027643902	0.02570972	0.028174423	0.028341806	0.025509223	0.027785923	0.027080186	0.02674676	0.026698688
0.0077555464	0.008121716	0.007520386	0.008200829	0.0076266984	0.008357853	0.008407431	0.0075672944	0.9125549	0.008033138	0.007934311	0.007919882
0.081051566	0.08487721	0.07859389	0.085701175	0.0797048	0.08734513	0.08786323	0.0790832	0.086139515	0.08395223	0.082919896	0.08276816
0.081051566	0.08487721	0.07859389	0.085701175	0.0797048	0.08734513	0.08786323	0.0790832	0.086139515	0.08395223	0.082919896	0.08276816
0.026144262	0.027378136	0.025352096	0.02764411	0.025709761	0.028174678	0.70577484	0.025509255	0.027786382	0.02708057	0.026746796	0.026699169
0.019529397	0.020451	0.018937025	0.020649537	0.7782552	0.021045633	0.021170547	0.019055141	0.020755177	0.02022889	0.01997959	0.019942818
0.015585905	0.016321443	0.015113164	0.016479857	0.5183706	0.016796213	0.0168961	0.015207428	0.016564224	0.016144019	0.32060513	0.015915899
0.011102229	0.0116263535	0.010765503	0.7463054	0.0109176515	0.1404209	0.012035365	0.010832534	0.011799099	0.011499509	0.011358124	0.0113373455
0.081051566	0.08487721	0.07859389	0.085701175	0.0797048	0.08734513	0.08786323	0.0790832	0.086139515	0.08395223	0.082919896	0.08276816
0.4190087	0.013579535	0.0125741195	0.013711331	0.01275196	0.4479424	0.014057343	0.012652677	0.013782166	0.013431459	0.013266293	0.013241967
0.081051566	0.08487721	0.07859389	0.085701175	0.0797048	0.08734513	0.08786323	0.0790832	0.086139515	0.08395223	0.082919896	0.08276816
0.039535843	0.0414019	0.03833676	0.04180369	0.038879026	0.042605717	0.042858507	0.5507881	0.042020142	0.04095047	0.040446915	0.040372908
0.081051566	0.08487721	0.07859389	0.085701175	0.0797048	0.08734513	0.08786323	0.0790832	0.086139515	0.08395223	0.082919896	0.08276816
0.039535798	0.041403253	0.038336825	0.041805003	0.038878847	0.554816	0.042859964	0.038575463	0.042017747	0.040950496	0.0404475	0.040373042
0.006458052	0.3079803	0.0062620174	0.23727219	0.0063508768	0.39562097	0.0070005916	0.0063010184	0.0068632723	0.00668903	0.0066069937	0.0065946826
0.019529246	0.020450978	0.7779867	0.020649511	0.01920471	0.021045785	0.021170806	0.019054942	0.020755565	0.020228399	0.019979361	0.01994395
0.00704746	0.0073802033	0.0068337293	0.20715082	0.006930343	0.45295995	0.007639825	0.006876354	0.27547503	0.0072996565	0.007209948	0.007196727
0.015585828	0.016321486	0.015113176	0.016479842	0.01532676	0.82450056	0.01689607	0.015207229	0.01656418	0.016143544	0.015945423	0.015915902
0.3022329	0.020451091	0.49528223	0.020649936	0.019204725	0.02104589	0.021171028	0.019054957	0.02075571	0.02022872	0.019979404	0.019943435
0.081051566	0.08487721	0.07859389	0.085701175	0.0797048	0.08734513	0.08786323	0.0790832	0.086139515	0.08395223	0.082919896	0.08276816
0.02614416	0.027378244	0.025351908	0.027646149	0.025709782	0.028174412	0.35434464	0.025509201	0.027785689	0.02708066	0.026746921	0.3781282
0.039536037	0.04140199	0.03833685	0.041803643	0.03887864	0.55482036	0.0428587	0.03857543	0.042017445	0.040950578	0.040447265	0.04037302
0.55174935	0.041401908	0.03833677	0.0418049	0.038878653	0.042605653	0.04285861	0.038575444	0.042017613	0.04095114	0.040446993	0.040372953
0.039535798	0.041401662	0.038336765	0.04180358	0.038879078	0.042605534	0.042858552	0.03857699	0.042017456	0.5531646	0.04044707	0.040372904
0.02614443	0.027379276	0.025351413	0.027644876	0.025710067	0.34582362	0.028342612	0.025509752	0.3875691	0.027079785	0.026747145	0.026697928
0.081051566	0.08487721	0.07859389	0.085701175	0.0797048	0.08734513	0.08786323	0.0790832	0.086139515	0.08395223	0.082919896	0.08276816
0.081051566	0.08487721	0.07859389	0.085701175	0.0797048	0.08734513	0.08786323	0.0790832	0.086139515	0.08395223	0.082919896	0.08276816
0.081051566	0.08487721	0.07859389	0.085701175	0.0797048	0.08734513	0.08786323	0.0790832	0.086139515	0.08395223	0.082919896	0.08276816
0.026144408	0.41104242	0.025351426	0.027644064	0.0257097	0.32194692	0.028341698	0.025509259	0.02778537	0.027079834	0.026747018	0.026697902
0.32412854	0.027378304	0.025351388	0.027644983	0.025709737	0.028174466	0.40779272	0.025509205	0.027785487	0.027080392	0.02674688	0.026697893
0.03953563	0.04140167	0.038336784	0.041804347	0.038878694	0.042605758	0.55507344	0.038575433	0.042017456	0.040950786	0.04044701	0.040372953
0.081051566	0.08487721	0.07859389	0.085701175	0.0797048	0.08734513	0.08786323	0.0790832	0.086139515	0.08395223	0.082919896	0.08276816
0.026144441	0.02737816	0.025351355	0.02764395	0.70314723	0.028174166	0.028341284	0.025509255	0.027785355	0.02707983	0.026747156	0.026697839
0.081051566	0.08487721	0.07859389	0.085701175	0.0797048	0.08734513	0.08786323	0.0790832	0.086139515	0.08395223	0.082919896	0.08276816
0.29504803	0.013579411	0.012574099	0.013711358	0.5706817	0.013974231	0.0140571995	0.0126525	0.013781378	0.013431765	0.013266376	0.013241949
0.039536014	0.041401993	0.038336854	0.041803643	0.03887864	0.5548204	0.042858705	0.038575433	0.042017445	0.040950578	0.04044727	0.040373024
0.02614411	0.027378162	0.02535148	0.027643897	0.025709694	0.028174259	0.028341291	0.025509246	0.7052225	0.027079836	0.026747514	0.026697988
0.039536256	0.04140175	0.03833676	0.041803688	0.55109304	0.042605463	0.042858183	0.038575567	0.042017534	0.040950626	0.040448155	0.04037295
0.039535586	0.041401826	0.038336862	0.04180359	0.038878657	0.04260658	0.042861972	0.03857545	0.042017654	0.040950503	0.5526582	0.040373165
0.026144285	0.027378226	0.025351427	0.027643919	0.025710016	0.02817485	0.02834265	0.02550969	0.027785497	0.32942706	0.40183443	0.02669798
0.081051566	0.08487721	0.07859389	0.085701175	0.0797048	0.08734513	0.08786323	0.0790832	0.086139515	0.08395223	0.082919896	0.08276816
0.007755559	0.008121757	0.0075207464	0.008201259	0.0076266937	0.62959707	0.008407569	0.00756718	0.008242655	0.008033573	0.29100543	0.007920526
0.081051566	0.08487721	0.07859389	0.085701175	0.0797048	0.08734513	0.08786323	0.0790832	0.086139515	0.08395223	0.082919896	0.08276816
0.019529441	0.0204512	0.018937124	0.020649554	0.0192047	0.021048915	0.021170976	0.019054942	0.020755554	0.020228196	0.77902645	0.019942952
0.039535582	0.04140177	0.038337033	0.041803587	0.038878653	0.04260567	0.0428582	0.03857557	0.042020407	0.040950663	0.55265963	0.040373277
0.039535627	0.041401666	0.03833678	0.04180431	0.03887869	0.042605754	0.55507356	0.03857543	0.042017456	0.040950783	0.04044701	0.04037295
0.026144149	0.02737816	0.70278716	0.027644332	0.025709724	0.028174309	0.028341549	0.025509207	0.02778574	0.02708024	0.026746793	0.02669863
0.081051566	0.08487721	0.07859389	0.085701175	0.0797048	0.08734513	0.08786323	0.0790832	0.086139515	0.08395223	0.082919896	0.08276816
0.55174965	0.041401908	0.03833677	0.041804597	0.038878653	0.042605653	0.04285861	0.038575444	0.042017613	0.040951136	0.04044699	0.040372953
0.039535627	0.041401666	0.03833678	0.041804314	0.03887869	0.042605754	0.55507356	0.03857543	0.042017456	0.040950783	0.04044701	0.04037295
0.039535627	0.041401666	0.03833678	0.04180431	0.03887869	0.042605754	0.55507356	0.03857543	0.042017456	0.040950783	0.04044701	0.04037295
0.0059592086	0.29574934	0.005778506	0.0063012345	0.005860186	0.64338887	0.00646026	0.0058144857	0.0063333237	0.0061724717	0.0060966993	0.0060854405
0.0048385165	0.0050669624	0.0046918006	0.005116234	0.004758111	0.9455168	0.0052453713	0.0047210106	0.0051422776	0.0050116815	0.004950199	0.004941026
0.0014045973	0.9112072	0.0013620073	0.0744191	0.0013812679	0.0015136629	0.0015226371	0.0013704853	0.0014927814	0.0014548737	0.0014369793	0.0014343611
0.026144184	0.027378118	0.7027866	0.0276439	0.025709718	0.02817442	0.028341807	0.025509221	0.027785921	0.027080182	0.026746757	0.026699184
0.039535575	0.04140235	0.0383368	0.5540178	0.038878713	0.04260601	0.042858623	0.038575653	0.042017624	0.040950708	0.040446915	0.04037326
0.011102306	0.01162629	0.010765501	0.011739313	0.010917818	0.8749844	0.01203647	0.010832854	0.011800057	0.011499568	0.0113581205	0.011337293
0.0395358	0.041403465	0.03833683	0.041805007	0.038878847	0.5548158	0.042859964	0.038575467	0.04201775	0.0409505	0.040447503	0.040373046
0.22867951	0.020451173	0.01893708	0.020650038	0.019204777	0.021045793	0.021170733	0.019055111	0.57065475	0.020228477	0.019979669	0.019942902
0.008621937	0.009028843	0.35297593	0.009116921	0.5574847	0.009291474	0.009347809	0.0084124915	0.009163634	0.008930678	0.008820988	0.008804674
0.7035812	0.027378244	0.025351359	0.027644409	0.025709694	0.028174262	0.028341508	0.02550919	0.027785398	0.027080096	0.0267468	0.02669784
0.0045531434	0.004768023	0.0044151074	0.004814453	0.072076246	0.00490664	0.0049357372	0.0044425474	0.88106406	0.0047161495	0.0046581556	0.0046496773
0.5517497	0.041401908	0.03833677	0.04180457	0.038878653	0.042605653	0.04285861	0.038575444	0.042017613	0.040951136	0.04044699	0.040372953
0.0059592673	0.006240595	0.0057786033	0.8418953	0.005860265	0.006422112	0.0064602476	0.0058146683	0.006333929	0.0061725867	0.0060965708	0.09696589
0.039535724	0.04140167	0.55054826	0.04180359	0.038878694	0.042605948	0.04285918	0.0385755	0.04201861	0.0409513	0.04044691	0.040374625
0.4247481	0.027378269	0.30418047	0.027644435	0.025709748	0.028174635	0.028342258	0.025509253	0.02778632	0.027080724	0.026746815	0.02669898
0.019529402	0.020451384	0.018937051	0.22665715	0.5722471	0.02104591	0.021170689	0.019055085	0.020755308	0.020228293	0.019979637	0.01994302
0.081051566	0.08487721	0.07859389	0.085701175	0.0797048	0.08734513	0.08786323	0.0790832	0.086139515	0.08395223	0.082919896	0.08276816
0.009706063	0.010164245	0.009411742	0.010262862	0.0095447535	0.89070684	0.010522203	0.009470312	0.010315378	0.010053397	0.009930565	0.009911653
0.44639793	0.3526313	0.01893708	0.020649849	0.0192047	0.02104731	0.021170853	0.019054968	0.020755235	0.020228315	0.01997958	0.019942885
0.012967423	0.013579743	0.012574119	0.013711595	0.01275199	0.013974949	0.3893721	0.47734633	0.01378181	0.013431609	0.013266366	0.013241975
0.0018398454	0.0019267492	0.070254035	0.0019454354	0.0018092827	0.0019827278	0.0019945046	0.0017951904	0.9107853	0.0019057706	0.0018822751	0.0018788542
0.081051566	0.08487721	0.07859389	0.085701175	0.0797048	0.08734513	0.08786323	0.0790832	0.086139515	0.08395223	0.082919896	0.08276816
0.026144138	0.027378118	0.025351368	0.027644293	0.025709718	0.028174322	0.70577896	0.025509186	0.02778532	0.027079917	0.026746813	0.026697844
0.03953572	0.04140167	0.55054843	0.041803587	0.038878694	0.042605944	0.042859178	0.038575497	0.04201861	0.040951297	0.04044691	0.040374424
0.081051566	0.08487721	0.07859389	0.085701175	0.0797048	0.08734513	0.08786323	0.0790832	0.086139515	0.08395223	0.082919896	0.08276816
0.02614411	0.027378203	0.7027872	0.02764477	0.025709728	0.028174197	0.028341291	0.02550919	0.027785564	0.027080301	0.026746824	0.026698623
0.081051566	0.08487721	0.07859389	0.085701175	0.0797048	0.08734513	0.08786323	0.0790832	0.086139515	0.08395223	0.082919896	0.08276816
0.081051566	0.08487721	0.07859389	0.085701175	0.0797048	0.08734513	0.08786323	0.0790832	0.086139515	0.08395223	0.082919896	0.08276816
0.081051566	0.08487721	0.07859389	0.085701175	0.0797048	0.08734513	0.08786323	0.0790832	0.086139515	0.08395223	0.082919896	0.08276816
0.7035812	0.027378246	0.02535136	0.027644418	0.025709698	0.028174266	0.028341511	0.025509194	0.0277854	0.027080098	0.026746802	0.026697842
0.026144274	0.027378136	0.025351387	0.027644387	0.025709962	0.028174404	0.32476547	0.025509559	0.02778538	0.40809226	0.02674692	0.026697865
0.026144192	0.7048133	0.025351379	0.027644474	0.025709767	0.02817561	0.028341964	0.025509229	0.027785435	0.027079761	0.026746983	0.026697868
0.55174965	0.041401908	0.038336765	0.041804593	0.03887865	0.04260565	0.04285861	0.038575444	0.04201761	0.040951144	0.04044699	0.040372953
0.081051566	0.08487721	0.07859389	0.085701175	0.0797048	0.08734513	0.08786323	0.0790832	0.086139515	0.08395223	0.082919896	0.08276816
0.039535582	0.04140176	0.038337003	0.041803584	0.038878653	0.042605642	0.0428582	0.038575552	0.5542318	0.040950637	0.04044835	0.04037323
0.019529395	0.020451	0.018937027	0.02064954	0.77825546	0.021045635	0.021170547	0.019055141	0.02075518	0.020228662	0.019979592	0.019942818
0.026144108	0.027378203	0.02535179	0.027644793	0.025709726	0.028174195	0.02834129	0.025509188	0.02778557	0.027080314	0.026746824	0.704134
0.081051566	0.08487721	0.07859389	0.085701175	0.0797048	0.08734513	0.08786323	0.0790832	0.086139515	0.08395223	0.082919896	0.08276816
0.081051566	0.08487721	0.07859389	0.085701175	0.0797048	0.08734513	0.08786323	0.0790832	0.086139515	0.08395223	0.082919896	0.08276816
0.009706161	0.010164451	0.009411734	0.5335754	0.00954493	0.010460141	0.36745524	0.009470674	0.010316317	0.010053439	0.00992983	0.009911645
0.011102108	0.8746501	0.010765466	0.011739036	0.010917634	0.011964224	0.012035163	0.010832513	0.011799049	0.011499429	0.01135803	0.01133724
0.019529376	0.0204511	0.01893707	0.020649899	0.019204723	0.57383174	0.2274353	0.019054923	0.020755183	0.020228302	0.01997954	0.019942876
0.081051566	0.08487721	0.07859389	0.085701175	0.0797048	0.08734513	0.08786323	0.0790832	0.086139515	0.08395223	0.082919896	0.08276816
0.03953601	0.04140199	0.03833685	0.041803643	0.03887864	0.5548204	0.0428587	0.03857543	0.042017445	0.040950578	0.040447265	0.04037302
0.28040186	0.020451136	0.018937344	0.020649934	0.019204801	0.02104593	0.021171069	0.019055128	0.5189313	0.020228693	0.019979404	0.019943418
0.081051566	0.08487721	0.07859389	0.085701175	0.0797048	0.08734513	0.08786323	0.0790832	0.086139515	0.08395223	0.082919896	0.08276816
0.0070475964	0.007380137	0.0068337107	0.30020636	0.006930501	0.007594691	0.007639767	0.006876344	0.007489862	0.6275943	0.0072099967	0.0071967044
0.039535582	0.04140176	0.038337003	0.041803584	0.038878653	0.042605642	0.0428582	0.038575552	0.5542318	0.040950637	0.040448356	0.04037323
0.039535563	0.55361795	0.038336754	0.041803792	0.038878635	0.042605724	0.04285829	0.03857556	0.042017452	0.04095046	0.040446933	0.04037289
0.026144248	0.027378239	0.025351357	0.027643953	0.025709892	0.028174298	0.028341454	0.70294565	0.027786558	0.027079752	0.02674676	0.02669782
0.026144164	0.027378246	0.025351914	0.027646	0.025709784	0.028174413	0.35440913	0.025509203	0.02778569	0.027080663	0.026746923	0.37806392
0.039535634	0.04140167	0.038336787	0.041804317	0.038878694	0.04260576	0.5550735	0.038575437	0.04201746	0.040950786	0.040447015	0.040372957
0.03953601	0.04140199	0.03833685	0.041803643	0.03887864	0.5548204	0.0428587	0.03857543	0.042017445	0.040950578	0.040447265	0.04037302
0.081051566	0.08487721	0.07859389	0.085701175	0.0797048	0.08734513	0.08786323	0.0790832	0.086139515	0.08395223	0.082919896	0.08276816
0.00429947	0.9514561	0.004169091	0.0045461184	0.0042280178	0.0046334537	0.0046608113	0.004195052	0.00456936	0.00445333	0.0043985774	0.0043905205
0.5517497	0.041401908	0.03833677	0.041804586	0.038878653	0.042605653	0.04285861	0.038575444	0.042017613	0.040951136	0.04044699	0.040372953
0.039535627	0.041401666	0.03833678	0.041804314	0.03887869	0.042605754	0.55507356	0.03857543	0.042017456	0.040950783	0.04044701	0.04037295
0.081051566	0.08487721	0.07859389	0.085701175	0.0797048	0.08734513	0.08786323	0.0790832	0.086139515	0.08395223	0.082919896	0.08276816
0.026144138	0.027378118	0.025351368	0.027644288	0.025709718	0.028174322	0.70577896	0.025509186	0.02778532	0.027079917	0.026746813	0.026697844
0.0195292	0.020451035	0.01893706	0.020649513	0.019204699	0.021046015	0.0211714	0.019054925	0.02075522	0.020228116	0.7790299	0.0199429
0.0395358	0.041403357	0.03833683	0.041805007	0.038878847	0.55481595	0.042859964	0.038575467	0.04201775	0.0409505	0.040447503	0.040373046
0.081051566	0.08487721	0.07859389	0.085701175	0.0797048	0.08734513	0.08786323	0.0790832	0.086139515	0.08395223	0.082919896	0.08276816
0.0195294	0.02045111	0.22122595	0.02065049	0.57596433	0.021045648	0.021170458	0.019054973	0.020755481	0.020228753	0.019979704	0.019943694
0.039535634	0.04140167	0.038336787	0.041804317	0.038878694	0.04260576	0.5550735	0.038575437	0.04201746	0.040950786	0.040447015	0.040372957
0.039536152	0.041401755	0.038336765	0.041803688	0.55109364	0.042605467	0.042858187	0.03857557	0.042017538	0.040950626	0.040447682	0.040372953
0.19039616	0.7370798	0.0068337326	0.007451979	0.006930312	0.007594982	0.0076401993	0.0068762745	0.007489905	0.0072997245	0.0072102174	0.0071967407
0.081051566	0.08487721	0.07859389	0.085701175	0.0797048	0.08734513	0.08786323	0.0790832	0.086139515	0.08395223	0.082919896	0.08276816
0.026144141	0.02737812	0.02535137	0.027644465	0.02570972	0.028174324	0.7057788	0.025509188	0.027785322	0.02707992	0.026746815	0.026697846
0.34881464	0.027378405	0.025351437	0.027644584	0.02570972	0.028174989	0.02834283	0.025509216	0.027785614	0.027080236	0.38151032	0.026698029
0.026144205	0.027378261	0.025351852	0.027643925	0.025709739	0.028175265	0.02834329	0.025509242	0.027786117	0.02708021	0.28139156	0.44948632
0.015585765	0.016321458	0.015113239	0.8241824	0.015326797	0.01679613	0.01689785	0.015207248	0.016564224	0.016143791	0.015945068	0.015916038
0.081051566	0.08487721	0.07859389	0.085701175	0.0797048	0.08734513	0.08786323	0.0790832	0.086139515	0.08395223	0.082919896	0.08276816
0.081051566	0.08487721	0.07859389	0.085701175	0.0797048	0.08734513	0.08786323	0.0790832	0.086139515	0.08395223	0.082919896	0.08276816
0.081051566	0.08487721	0.07859389	0.085701175	0.0797048	0.08734513	0.08786323	0.0790832	0.086139515	0.08395223	0.082919896	0.08276816
0.081051566	0.08487721	0.07859389	0.085701175	0.0797048	0.08734513	0.08786323	0.0790832	0.086139515	0.08395223	0.082919896	0.08276816
0.0048385756	0.005067	0.0046918537	0.00511633	0.0047582146	0.005214382	0.0052452898	0.004721038	0.67625225	0.0050117583	0.27414218	0.0049411273
0.03953572	0.04140167	0.5505484	0.041803587	0.038878694	0.042605944	0.042859178	0.038575497	0.04201861	0.040951297	0.04044691	0.040374473
0.015586007	0.01632187	0.015113162	0.82418245	0.015326818	0.016797302	0.016896121	0.015207256	0.016564265	0.01614366	0.015945164	0.0159159
0.081051566	0.08487721	0.07859389	0.085701175	0.0797048	0.08734513	0.08786323	0.0790832	0.086139515	0.08395223	0.082919896	0.08276816
0.039535798	0.041401666	0.03833677	0.041803584	0.038879078	0.042605534	0.042858552	0.038576134	0.042017464	0.55316544	0.040447075	0.040372908
0.081051566	0.08487721	0.07859389	0.085701175	0.0797048	0.08734513	0.08786323	0.0790832	0.086139515	0.08395223	0.082919896	0.08276816
0.0077556106	0.008122091	0.0075203693	0.008200807	0.007626737	0.9126688	0.008407962	0.007567373	0.008242859	0.008033152	0.007934342	0.007919825
0.012967404	0.013579422	0.012574126	0.013711548	0.012751853	0.8539831	0.014058953	0.012652379	0.013781352	0.013431542	0.013266321	0.013241979
0.039536048	0.04140199	0.03833685	0.041803643	0.03887864	0.55482036	0.0428587	0.03857543	0.042017445	0.040950578	0.040447265	0.04037302
0.5517497	0.041401908	0.03833677	0.04180458	0.038878653	0.042605653	0.04285861	0.038575444	0.042017613	0.040951133	0.04044699	0.040372953
0.026144272	0.027378192	0.025352312	0.02764394	0.025709834	0.028174512	0.02834194	0.025509479	0.7052198	0.02708022	0.026746763	0.026698673
0.039535582	0.04140176	0.038337003	0.041803584	0.038878653	0.042605642	0.0428582	0.038575552	0.5542318	0.040950637	0.04044835	0.04037323
0.081051566	0.08487721	0.07859389	0.085701175	0.0797048	0.08734513	0.08786323	0.0790832	0.086139515	0.08395223	0.082919896	0.08276816
0.026144426	0.027378287	0.025351403	0.027643928	0.025709689	0.7056116	0.028341558	0.025509184	0.027785312	0.027079808	0.026746944	0.026697878
0.039535634	0.04140167	0.038336787	0.041804317	0.038878694	0.04260576	0.5550735	0.038575437	0.04201746	0.040950786	0.040447015	0.040372957
0.081051566	0.08487721	0.07859389	0.085701175	0.0797048	0.08734513	0.08786323	0.0790832	0.086139515	0.08395223	0.082919896	0.08276816
0.03953563	0.04140167	0.038336784	0.041804317	0.038878694	0.042605758	0.5550735	0.038575433	0.042017456	0.040950786	0.04044701	0.040372953
0.03953601	0.04140199	0.03833685	0.041803643	0.03887864	0.5548204	0.0428587	0.03857543	0.042017445	0.040950578	0.040447265	0.04037302
0.004553109	0.94859225	0.0044150236	0.004814359	0.004477464	0.0049067256	0.0049358015	0.004442593	0.004839117	0.0047160313	0.0046580485	0.004649521
0.081051566	0.08487721	0.07859389	0.085701175	0.0797048	0.08734513	0.08786323	0.0790832	0.086139515	0.08395223	0.082919896	0.08276816
0.008621951	0.322636	0.008360448	0.44577077	0.15184094	0.009291437	0.0093465345	0.0084126545	0.0091635715	0.00893049	0.008820679	0.0088045625
0.019529285	0.020451056	0.018937089	0.020649897	0.019204803	0.021045849	0.2660247	0.019055124	0.53495127	0.020228298	0.019979699	0.019942904
0.081051566	0.08487721	0.07859389	0.085701175	0.0797048	0.08734513	0.08786323	0.0790832	0.086139515	0.08395223	0.082919896	0.08276816
0.012967807	0.013579744	0.012574248	0.013711796	0.012751881	0.013974979	0.85406506	0.012652405	0.013781664	0.01343175	0.013266471	0.013242233
0.039535794	0.041401662	0.038336765	0.04180358	0.038879074	0.04260553	0.04285855	0.038576145	0.042017456	0.55316544	0.04044707	0.040372904
0.039535634	0.04140167	0.038336787	0.041804317	0.038878694	0.04260576	0.5550735	0.038575437	0.04201746	0.040950786	0.040447015	0.040372957
0.081051566	0.08487721	0.07859389	0.085701175	0.0797048	0.08734513	0.08786323	0.0790832	0.086139515	0.08395223	0.082919896	0.08276816
0.081051566	0.08487721	0.07859389	0.085701175	0.0797048	0.08734513	0.08786323	0.0790832	0.086139515	0.08395223	0.082919896	0.08276816
0.009706084	0.01016434	0.009411842	0.010263281	0.009544772	0.51053387	0.0105221495	0.009470373	0.39048776	0.010053536	0.0099301245	0.009911868
0.039535627	0.041401666	0.03833678	0.04180431	0.03887869	0.042605754	0.55507356	0.03857543	0.042017456	0.040950783	0.04044701	0.04037295
0.012967313	0.013579586	0.012574159	0.8537217	0.012751857	0.013974515	0.0140572805	0.012652409	0.013781402	0.013431472	0.01326626	0.013242092
0.081051566	0.08487721	0.07859389	0.085701175	0.0797048	0.08734513	0.08786323	0.0790832	0.086139515	0.08395223	0.082919896	0.08276816
0.03953563	0.04140167	0.038336784	0.041804317	0.038878694	0.042605758	0.5550735	0.038575433	0.042017456	0.040950786	0.04044701	0.040372953
0.03953601	0.04140199	0.03833685	0.041803643	0.03887864	0.5548204	0.0428587	0.03857543	0.042017445	0.040950578	0.040447265	0.04037302
0.019529352	0.020451095	0.018937055	0.02064953	0.01920469	0.7800971	0.021170637	0.019054916	0.020755142	0.02022814	0.01997949	0.019942844
0.019529358	0.020451674	0.51942486	0.020650137	0.01920481	0.27960542	0.02117159	0.019054966	0.020755744	0.020228434	0.019979626	0.01994344
0.0015451823	0.001618121	0.0014983491	0.0016338595	0.0015195084	0.0016651783	0.0016750641	0.001507663	0.9825778	0.0016005054	0.0015808179	0.0015779511
0.039535843	0.0414019	0.03833676	0.04180369	0.03887903	0.042605717	0.042858507	0.55078626	0.042022	0.04095047	0.040446915	0.040372908
0.03953621	0.041401755	0.038336765	0.041803688	0.5510936	0.042605467	0.042858187	0.03857557	0.042017538	0.040950626	0.040447682	0.040372953
0.026144274	0.027378136	0.025351387	0.027644385	0.025709962	0.028174404	0.32488695	0.025509559	0.02778538	0.40797076	0.02674692	0.026697865
0.081051566	0.08487721	0.07859389	0.085701175	0.0797048	0.08734513	0.08786323	0.0790832	0.086139515	0.08395223	0.082919896	0.08276816
0.019529209	0.020451047	0.018937068	0.020649606	0.019204706	0.02104611	0.78022045	0.019054927	0.020755244	0.020228157	0.019980546	0.019942923
0.03953584	0.0414019	0.03833676	0.041803688	0.038879026	0.042605713	0.042858504	0.55078834	0.042019926	0.040950466	0.04044691	0.040372904
0.0395358	0.04140335	0.03833683	0.041805007	0.038878847	0.55481595	0.04285997	0.038575467	0.04201775	0.0409505	0.040447503	0.040373046
0.03953563	0.04140167	0.038336784	0.04180522	0.038878694	0.04260576	0.5550726	0.038575433	0.042017456	0.0409508	0.040447015	0.040372953
0.03953557	0.04140235	0.0383368	0.5540178	0.038878713	0.042606007	0.042858623	0.03857565	0.04201762	0.040950704	0.04044691	0.04037326
0.039535843	0.041401904	0.038336765	0.041803695	0.03887903	0.04260572	0.042858507	0.550788	0.042020276	0.040950473	0.04044692	0.04037291
0.015585777	0.016321825	0.015113191	0.58928937	0.015326812	0.016796885	0.016896559	0.015207285	0.016564308	0.016143585	0.25083837	0.015916009
0.039536323	0.04140175	0.03833676	0.041803688	0.5510929	0.042605463	0.042858183	0.038575567	0.042017534	0.040950626	0.040448226	0.040372953
0.081051566	0.08487721	0.07859389	0.085701175	0.0797048	0.08734513	0.08786323	0.0790832	0.086139515	0.08395223	0.082919896	0.08276816
0.019529317	0.020451	0.018937275	0.020650053	0.019204808	0.021045975	0.021174653	0.019055033	0.020755531	0.7792736	0.019979468	0.019943276
0.0064578033	0.0067627197	0.0062620747	0.8277972	0.0063504917	0.0069594854	0.007000744	0.006300966	0.006863349	0.0066890176	0.006606666	0.1059495
0.026144512	0.027378194	0.025351387	0.027644478	0.38474762	0.02817438	0.34673944	0.02550928	0.027785435	0.027080078	0.026747312	0.026697896
0.00016965812	0.00017766442	0.90463036	0.00017939141	0.0001668397	0.00018283441	0.00018392123	0.00016553601	0.00018031003	0.00017573057	0.00017357101	0.09361414
0.039535798	0.041401662	0.038336765	0.041803584	0.038879078	0.04260553	0.04285855	0.038576134	0.04201746	0.5531655	0.04044707	0.040372904
0.039535575	0.041402508	0.0383368	0.5540176	0.038878713	0.04260601	0.042858627	0.038575657	0.042017624	0.040950708	0.040446915	0.04037326
0.012967342	0.01357974	0.01257421	0.01371244	0.012751911	0.013974551	0.014057436	0.012652711	0.8537895	0.013431582	0.0132662775	0.013242281
0.081051566	0.08487721	0.07859389	0.085701175	0.0797048	0.08734513	0.08786323	0.0790832	0.086139515	0.08395223	0.082919896	0.08276816
0.012967416	0.013579363	0.012574097	0.01371119	0.8527624	0.013974212	0.014057192	0.012652604	0.013781341	0.013431968	0.013266324	0.013241936
0.70358056	0.027378235	0.025351362	0.027644217	0.025710233	0.02817422	0.028341401	0.025509266	0.027785426	0.027080014	0.026747203	0.026697863
0.007047396	0.0073800953	0.006833761	0.92050165	0.0069303047	0.007594661	0.007639699	0.006876263	0.007489845	0.007299698	0.007209855	0.0071967994
0.007047473	0.0073801237	0.006833713	0.0074520237	0.23111239	0.007594713	0.0076400335	0.006876344	0.007489845	0.6961667	0.0072099376	0.0071967063
0.039535798	0.041401662	0.038336765	0.041803584	0.038879078	0.04260553	0.04285855	0.03857613	0.04201746	0.5531655	0.04044707	0.040372904
0.081051566	0.08487721	0.07859389	0.085701175	0.0797048	0.08734513	0.08786323	0.0790832	0.086139515	0.08395223	0.082919896	0.08276816
0.081051566	0.08487721	0.07859389	0.085701175	0.0797048	0.08734513	0.08786323	0.0790832	0.086139515	0.08395223	0.082919896	0.08276816
0.012967373	0.013579434	0.012574123	0.01371119	0.012751826	0.8539851	0.014057424	0.012652378	0.013781349	0.013431389	0.0132664805	0.013241983
0.015585903	0.016321622	0.015113152	0.40919557	0.43031555	0.016796114	0.016895711	0.0152073335	0.016564231	0.016143635	0.015945226	0.01591595
0.081051566	0.08487721	0.07859389	0.085701175	0.0797048	0.08734513	0.08786323	0.0790832	0.086139515	0.08395223	0.082919896	0.08276816
0.03953558	0.041401755	0.038337	0.041803584	0.03887865	0.042605642	0.042858195	0.03857555	0.55422974	0.040950634	0.040450443	0.04037323
0.081051566	0.08487721	0.07859389	0.085701175	0.0797048	0.08734513	0.08786323	0.0790832	0.086139515	0.08395223	0.082919896	0.08276816
0.039535586	0.041401826	0.038336862	0.04180359	0.038878657	0.042606566	0.042860135	0.03857545	0.042017654	0.040950503	0.55266	0.04037316
0.019529501	0.7794978	0.01893704	0.020649705	0.019205125	0.021045964	0.02117084	0.019055918	0.020757806	0.020228121	0.019979391	0.019942831
0.08062768	0.36886954	0.44701737	0.011739606	0.010917683	0.0119647235	0.012035739	0.010832534	0.011799435	0.011499898	0.011358139	0.0113376705
0.026144112	0.027378164	0.025351482	0.027643899	0.025709698	0.02817426	0.028341293	0.025509248	0.7052225	0.02707984	0.02674752	0.02669799
0.03953557	0.5536179	0.038336758	0.041803807	0.03887864	0.04260573	0.042858295	0.038575586	0.042017456	0.040950466	0.04044694	0.040372897
0.081051566	0.08487721	0.07859389	0.085701175	0.0797048	0.08734513	0.08786323	0.0790832	0.086139515	0.08395223	0.082919896	0.08276816
0.01296746	0.013579388	0.0125741195	0.013711209	0.012752106	0.013974207	0.014057079	0.012652428	0.0137816155	0.013431428	0.85327697	0.013241977
0.02614424	0.027378337	0.025351465	0.027643932	0.02570971	0.70560694	0.02834289	0.025509205	0.027785504	0.027079813	0.02674994	0.026698053
0.0045531113	0.004768058	0.0044150813	0.0048143333	0.0044774534	0.004906784	0.0049358765	0.0044425493	0.948663	0.004716086	0.0046580574	0.0046496238
0.026144171	0.027378319	0.0253514	0.7050779	0.025709767	0.028174577	0.028344283	0.025509255	0.027785419	0.027080102	0.026746862	0.026697967
0.012967308	0.013579414	0.012574308	0.013711557	0.0127518615	0.013974237	0.014057097	0.012652437	0.8537914	0.0134316245	0.013266429	0.013242318
0.03953601	0.04140199	0.03833685	0.041803643	0.03887864	0.5548204	0.0428587	0.03857543	0.042017445	0.040950578	0.040447265	0.04037302
0.026144285	0.027378703	0.0253514	0.02764429	0.025709746	0.7056104	0.028341893	0.025509197	0.027785394	0.02707979	0.02674701	0.026697887
0.039535843	0.0414019	0.03833676	0.04180369	0.038879026	0.042605717	0.042858507	0.55078804	0.042020213	0.04095047	0.040446915	0.040372908
0.008621911	0.0090287905	0.008360395	0.009116442	0.9021034	0.009291309	0.009346446	0.008412515	0.009163079	0.008930559	0.008820668	0.008804437
0.019529207	0.020451391	0.018937089	0.27366525	0.019204741	0.021046322	0.021171493	0.019055039	0.020755352	0.02022824	0.5260128	0.019943092
0.03953563	0.04140167	0.038336784	0.041804317	0.038878694	0.042605758	0.5550735	0.038575433	0.042017456	0.040950786	0.04044701	0.040372953
0.02614411	0.027378699	0.025351379	0.7050807	0.02570973	0.028174458	0.02834152	0.025509303	0.027785411	0.027079877	0.026746761	0.026698006
0.004299538	0.0045025456	0.004169145	0.90008813	0.055639297	0.004633357	0.004660821	0.00419507	0.004569418	0.0044534253	0.0043986654	0.004390631
0.006457876	0.92708707	0.0062619583	0.006828485	0.0063504716	0.006959278	0.007000561	0.006300964	0.0068631913	0.0066889524	0.0066066384	0.0065945666
0.081051566	0.08487721	0.07859389	0.085701175	0.0797048	0.08734513	0.08786323	0.0790832	0.086139515	0.08395223	0.082919896	0.08276816
0.011102154	0.011627871	0.0107655	0.011739139	0.010917651	0.8749852	0.012035638	0.010832546	0.011799134	0.0114994515	0.011358384	0.011337309
0.77857983	0.020451056	0.018937027	0.020649685	0.019205188	0.021045638	0.021170503	0.01905499	0.020755226	0.020228265	0.019979762	0.01994284
0.32414848	0.027378302	0.025351387	0.02764498	0.025709735	0.028174464	0.4077728	0.025509203	0.027785484	0.027080389	0.026746878	0.02669789
