topic_0	topic_1	topic_2	topic_3	topic_4	topic_5	topic_6	topic_7	topic_8	topic_9	topic_10	topic_11	topic_12	topic_13	topic_14	topic_15	topic_16	topic_17	topic_18	topic_19
9.26964e-05	9.739515e-05	0.00010240083	0.2078011	0.4105404	9.122041e-05	0.38003543	9.635308e-05	9.5662e-05	9.511719e-05	9.5021904e-05	9.407264e-05	9.2885806e-05	9.3659255e-05	9.085617e-05	9.6348835e-05	9.426566e-05	9.912293e-05	0.00010035986	9.558792e-05
6.5752305e-05	0.2510878	0.058570415	0.31203216	0.02648727	6.4705346e-05	0.15676312	0.061200343	6.785589e-05	6.7469446e-05	6.740185e-05	6.672851e-05	0.0050674747	6.643529e-05	6.4446984e-05	0.102760285	6.686543e-05	7.031084e-05	0.025295326	6.780335e-05
0.005752992	0.0060446095	0.006355276	0.005996725	0.006030836	0.0056613884	0.0059237494	0.005979935	0.0059370454	0.0059032333	0.005897319	0.0058384053	0.0057647475	0.887132	0.005638783	0.005979672	0.005850385	0.00615184	0.006228607	0.005932448
0.04847452	0.050931677	0.05354934	0.050528206	0.050815623	0.04770267	0.049913313	0.050386734	0.050025344	0.049740445	0.049690615	0.049194206	0.04857357	0.048978034	0.047512196	0.050384518	0.04929515	0.0518352	0.05248204	0.04998661
9.913165e-05	0.07596244	0.0001095098	0.00010333149	0.00010391927	9.7553195e-05	0.13250072	0.000103042184	0.00010230313	0.74804294	0.0001016186	0.00010060343	9.933421e-05	0.00010016136	9.716367e-05	0.041859843	0.00010080986	0.00010600433	0.00010732713	0.00010222391
0.0002968257	0.0003118717	0.16834477	0.0003094011	0.00031116104	0.0002920994	0.7466229	0.00030853483	0.00030632192	0.00030457738	0.00030427225	0.0003012326	0.0002974322	0.079842485	0.00029093307	0.00030852127	0.00030185067	0.00031740428	0.00032136505	0.00030608472
0.005753085	0.0060447073	0.0063553792	0.005996822	0.0060309335	0.0056614797	0.005923845	0.005980032	0.005937141	0.0059033283	0.0058974144	0.0058384994	0.0057648406	0.4916678	0.40110126	0.005979769	0.0058504795	0.0061519397	0.0062287077	0.0059325434
0.001476733	0.0015515882	0.001631333	0.0015392967	0.0015480526	0.0014532193	0.0015205645	0.001534987	0.0015239775	0.0015152983	0.0015137802	0.0014986576	0.0014797505	0.971028	0.0014474166	0.0015349195	0.0015017329	0.0015791132	0.0015988185	0.0015227974
0.02352156	0.02471386	0.025984045	0.024518082	0.024657547	0.02314703	0.5389842	0.024449436	0.024274075	0.024135832	0.024111653	0.023870777	0.023569621	0.023765884	0.023054605	0.02444836	0.02391976	0.025152283	0.02546615	0.02425528
0.15613407	0.0021879936	0.0023004469	0.0021706605	0.0021830078	0.0020492773	0.0021442452	0.0021645832	0.002149058	0.0021368188	0.2079025	0.0021133528	0.0020866906	0.0021040663	0.0020410947	0.002164488	0.0021176892	0.5994479	0.002254596	0.0021473938
0.00053794	0.000565208	0.0005942572	0.0005607305	0.0005639201	0.00052937446	0.00055390684	0.0005591606	0.0005551501	0.0005519884	0.00055143546	0.98944855	0.0005390392	0.0005435277	0.0005272607	0.000559136	0.00054704683	0.00057523476	0.000582413	0.00055472023
0.0030579665	0.003212974	0.0033781067	0.0031875214	0.0032056528	0.003009275	0.0031487315	0.0031785967	0.003155799	0.0031378262	0.9400507	0.0031033673	0.003064215	0.0030897304	0.0029972591	0.003178457	0.0031097352	0.0032699718	0.0033107768	0.003153355
0.009244923	0.0097135445	0.010212779	0.009636596	0.009691412	0.009097718	0.009519326	0.009609615	0.009540692	0.009486356	0.009476853	0.009382179	0.009263813	0.009340952	0.0090613905	0.009609193	0.00940143	0.8191687	0.0100092245	0.009533304
0.20968713	0.0028336954	0.002979335	0.0028112473	0.0028272383	0.0026540423	0.0027770363	0.0028033762	0.0027832694	0.0027674185	0.002764646	0.0027370274	0.0027024967	0.0027250003	0.74001604	0.002803253	0.0027426435	0.0028839647	0.0029199529	0.0027811143
0.0038261216	0.0040200665	0.0042266804	0.0039882204	0.0040109064	0.9248346	0.0039396863	0.003977054	0.0039485293	0.003926042	0.0039221086	0.0038829271	0.0038339396	0.0038658646	0.0037501648	0.003976879	0.0038908944	0.004091382	0.004142437	0.0039454717
0.0051097157	0.005368726	0.005644655	0.0053261956	0.0053564925	0.005028355	0.0052613793	0.6529367	0.005273189	0.0052431575	0.005237905	0.005185578	0.0051201563	0.25212708	0.0050082766	0.0053110495	0.0051962184	0.005463966	0.0055321497	0.0052691055
0.0076892525	0.008079018	0.008494245	0.008015018	0.008060609	0.007566818	0.007917481	0.007992577	0.007935252	0.27681914	0.0078821555	0.0078034126	0.007704964	0.58021545	0.007536604	0.007992226	0.007819424	0.00822234	0.0083249435	0.007929107
0.0041757817	0.004387451	0.004612947	0.0043526944	0.0043774536	0.004109292	0.004299725	0.9181967	0.004309376	0.0042848336	0.004280541	0.0042377785	0.004184314	0.0042191567	0.0040928833	0.0043403166	0.004246474	0.004465284	0.004521005	0.004306039
0.0051096673	0.0053686746	0.005644601	0.005326145	0.0053564413	0.005028307	0.0052613295	0.0053112325	0.89986384	0.0052431077	0.005237855	0.005185529	0.005120108	0.0051627425	0.005008229	0.005310999	0.005196169	0.0054639145	0.005532097	0.0052690553
0.015528353	0.01631548	0.017154025	0.016186232	0.016278304	0.015281098	0.015989257	0.45915687	0.016025146	0.01593388	0.015917918	0.015758898	0.015560083	0.25233313	0.015220081	0.016140204	0.015791234	0.016604915	0.016812123	0.016012736
0.00768919	0.008078953	0.008494176	0.008014953	0.008060544	0.0075667566	0.007917416	0.007992513	0.8493118	0.007889995	0.007882091	0.0078033493	0.0077049015	0.00776906	0.007536543	0.0079921605	0.007819361	0.008222273	0.008324876	0.007929043
0.0014305048	0.0015030167	0.0015802651	0.0014911101	0.0014995919	0.0014077271	0.0014729643	0.0014869352	0.0014762704	0.86959475	0.0014663923	0.0014517432	0.0014334278	0.103808016	0.0014021061	0.0014868698	0.001454722	0.0015296801	0.0015487685	0.0014751272
0.0057530208	0.0060446397	0.0063553075	0.005996755	0.8873495	0.0056614163	0.0059237788	0.005979965	0.005937075	0.0059032626	0.0058973487	0.005838434	0.005764776	0.0058127786	0.005638811	0.005979702	0.0058504143	0.006151871	0.0062286383	0.0059324773
0.0057530175	0.0060446365	0.0063553043	0.0059967516	0.0060308627	0.0056614135	0.0059237755	0.005979962	0.8872558	0.0059032594	0.0058973455	0.005838431	0.005764773	0.005812776	0.0056388075	0.0059796986	0.005850411	0.0061518676	0.006228635	0.005932474
0.0014767341	0.0015515892	0.0016313341	0.0015392978	0.0015480537	0.09595756	0.0015205656	0.001534988	0.0015239785	0.3807374	0.0015137813	0.0014986587	0.0014797514	0.0014920732	0.0014474177	0.0015349205	0.0015017338	0.49738854	0.0015988195	0.0015227984
0.011589724	0.012177203	0.012803058	0.012080737	0.012149456	0.011405183	0.011933723	0.012046914	0.011960509	0.011892392	0.011880479	0.011761793	0.011613405	0.011710109	0.7722706	0.012046384	0.011785927	0.012393226	0.012547877	0.011951247
0.011589737	0.012177217	0.012803072	0.01208075	0.012149469	0.011405195	0.0119337365	0.012046927	0.77287126	0.011892405	0.011880492	0.011761806	0.011613418	0.011710122	0.011359654	0.012046397	0.01178594	0.012393239	0.012547891	0.01195126
0.0035305086	0.003709469	0.0039001193	0.0036800832	0.7285739	0.003474293	0.0036352992	0.0036697795	0.0036434587	0.0036227088	0.0036190795	0.003582925	0.0035377226	0.205862	0.0034604203	0.0036696182	0.003590277	0.0037752746	0.003822385	0.0036406373
0.0020824529	0.0021880118	0.002300466	0.0021706787	0.0021830262	0.0020492943	0.0021442631	0.19802427	0.002149076	0.5280359	0.0021346959	0.0021133705	0.002086708	0.23738562	0.0020411117	0.002164506	0.002117707	0.002226827	0.0022546148	0.0021474117
0.48696923	0.0026757724	0.0028132955	0.0026545755	0.0026696753	0.0025061315	0.0026222712	0.002647143	0.002628157	0.4656541	0.0026105712	0.0025844919	0.0025518856	0.0025731348	0.0024961247	0.0026470267	0.0025897948	0.0027232403	0.0027572229	0.0026261217
0.0065816697	0.0069152927	0.007270708	0.006860511	0.006899535	0.006476871	0.0067770234	0.006841303	0.0067922343	0.006753552	0.006746786	0.006679386	0.0065951184	0.0066500353	0.87067515	0.0068410016	0.0066930912	0.0070379693	0.007125794	0.0067869746
0.10940066	0.008078961	0.008494183	0.00801496	0.008060551	0.007566764	0.007917424	0.7476576	0.007935195	0.007890003	0.007882099	0.0078033567	0.007704909	0.0077690673	0.00753655	0.007992168	0.0078193685	0.008222281	0.008324884	0.00792905
0.003530515	0.0037094755	0.28441215	0.0036800897	0.003701023	0.003474299	0.0036353057	0.003669786	0.0036434652	0.0036227151	0.003619086	0.0035829314	0.0035377287	0.003567187	0.0034604263	0.0036696247	0.0035902832	0.65043086	0.003822392	0.0036406438
0.002412233	0.0025345085	0.0026647712	0.0025144306	0.0025287333	0.0023738237	0.0024838317	0.0025073907	0.0024894066	0.0024752293	0.7396717	0.0024480468	0.002417162	0.0024372896	0.0023643451	0.0025072803	0.0024530701	0.21561755	0.0026116588	0.002487479
0.006581655	0.006915277	0.007270692	0.006860495	0.0068995194	0.0064768563	0.006777008	0.006841287	0.006792219	0.0067535364	0.006746771	0.006679371	0.006595103	0.6428031	0.2345224	0.006840986	0.0066930763	0.0070379535	0.0071257777	0.0067869592
0.007689203	0.008078966	0.00849419	0.008014967	0.008060558	0.0075667696	0.00791743	0.007992526	0.8493116	0.007890008	0.007882104	0.007803363	0.0077049145	0.007769073	0.0075365556	0.0079921745	0.007819374	0.008222287	0.00832489	0.007929056
0.00031096564	0.0003267284	0.022723226	0.00032414013	0.0003259839	0.0003060142	0.00032019557	0.00032323258	0.00032091426	0.0003190866	0.00031876695	0.00031558247	0.00031160106	0.00031419573	0.0003047923	0.00032321835	0.00031623003	0.00033252453	0.000336674	0.9715259
0.015528194	0.016315313	0.017153848	0.016186066	0.016278137	0.0152809415	0.015989093	0.016140748	0.01602498	0.015933717	0.015917754	0.015758736	0.015559923	0.015689489	0.015219925	0.016140038	0.015791072	0.016604746	0.01681195	0.6956753
0.004595773	0.004828731	0.0050769066	0.004790479	0.0048177284	0.0045225956	0.0047321822	0.0047770664	0.0047428035	0.004715793	0.0047110682	0.0046640052	0.9097972	0.0046435106	0.0045045367	0.0047768564	0.004673575	0.0049143923	0.0049757175	0.004739131
0.001635278	0.0017181698	0.0018064762	0.0017045587	0.0017142546	0.0016092398	0.0016838154	0.0016997863	0.0016875948	0.0016779838	0.0016763028	0.0016595565	0.9679038	0.001652264	0.0016028142	0.0016997114	0.0016629618	0.0017486499	0.0017704708	0.001686288
0.009244874	0.009713494	0.010212725	0.009636546	0.00969136	0.00909767	0.009519275	0.009609565	0.009540642	0.009486306	0.23195054	0.009382131	0.009263765	0.596151	0.009061343	0.009609142	0.009401382	0.00988581	0.010009172	0.009533254
0.00016990265	0.16556373	0.00018768985	0.16294411	0.4453563	0.00016719733	0.09713331	0.00017660495	0.00017533828	0.0001743397	0.00017416505	0.00017242515	0.00017024981	0.00017166747	0.00016652972	0.12638287	0.00017277895	0.0001816818	0.00018394896	0.0001752025
0.0024122498	0.0025345262	0.0026647896	0.002514448	0.0025287508	0.0023738402	0.002483849	0.002507408	0.24127157	0.0024752466	0.29308027	0.0024480638	0.0024171788	0.42328438	0.0023643614	0.0025072978	0.0024530871	0.0025794883	0.002611677	0.0024874962
0.24280493	0.0048287343	0.0050769104	0.004790482	0.0048177317	0.0045225983	0.0047321855	0.0047770697	0.004742807	0.67169863	0.0047110715	0.004664008	0.0046051666	0.0046435134	0.00450454	0.004776859	0.0046735783	0.004914396	0.0049757212	0.004739134
0.0092449635	0.009713588	0.010212824	0.009636639	0.0096914545	0.009097758	0.0095193675	0.009609657	0.009540734	0.009486399	0.0094768945	0.009382221	0.009263854	0.818623	0.009061431	0.0096092345	0.009401472	0.009885906	0.010009269	0.009533346
5.37612e-05	5.6486337e-05	5.9389487e-05	5.603886e-05	5.6357625e-05	5.290517e-05	5.5356908e-05	5.5881963e-05	5.548116e-05	5.5165186e-05	5.5109922e-05	0.16851476	5.3871052e-05	5.431963e-05	5.2693922e-05	5.5879504e-05	5.4671327e-05	5.74884e-05	0.8304889	5.54382e-05
0.009244895	0.009713516	0.010212748	0.009636567	0.009691382	0.009097691	0.009519297	0.6058382	0.009540663	0.009486328	0.009476825	0.009382151	0.009263786	0.22239573	0.0090613635	0.009609164	0.009401402	0.009885833	0.010009195	0.009533275
0.0065816846	0.006915308	0.007270725	0.0068605263	0.006899551	0.0064768856	0.006777039	0.006841318	0.0067922496	0.006753567	0.0067468015	0.0066794013	0.0065951333	0.87087387	0.0064510237	0.006841017	0.0066931066	0.007037985	0.0071258103	0.00678699
0.14569254	0.0069153123	0.0072707287	0.00686053	0.0068995547	0.0064768894	0.0067770425	0.006841322	0.0067922533	0.006753571	0.0067468053	0.006679405	0.0065951366	0.73176295	0.0064510275	0.0068410207	0.0066931103	0.007037989	0.007125814	0.006786994
0.24356747	0.0053687016	0.0056446292	0.005326172	0.0053564683	0.005028332	0.005261356	0.0053112595	0.005273165	0.0052431338	0.005237881	0.005185555	0.0051201335	0.6612951	0.005008254	0.005311026	0.005196195	0.005463942	0.0055321245	0.005269082
0.0011733705	0.0012328483	0.0012962113	0.001223082	0.001230039	0.0011546871	0.0012081979	0.0012196575	0.21177976	0.0012040135	0.022203848	0.0011907913	0.0011757681	0.0011855586	0.0011500765	0.0012196038	0.0011932346	0.7454789	0.0012703761	0.001209972
0.002181869	0.002292467	0.0024102898	0.0022743067	0.0022872435	0.0021471274	0.00224663	0.002267939	0.0022516726	0.6985051	0.002236606	0.0022142625	0.0021863272	0.26092765	0.0021385541	0.0022678392	0.002218806	0.0023331353	0.00236225	0.002249929
0.000107529646	0.20934571	0.000118786986	0.78866106	0.00011272285	0.000105817475	0.00011072129	0.000111771464	0.0001109698	0.000110337816	0.00011022728	0.000109126115	0.000107749365	0.000108646585	0.00010539495	0.000111766545	0.000109350025	0.000114984556	0.00011641941	0.00011088387
0.0051096864	0.0053686947	0.0056446223	0.005326165	0.0053564613	0.0050283256	0.005261349	0.0053112525	0.005273158	0.0052431272	0.0052378746	0.005185548	0.005120127	0.005162762	0.89959854	0.005311019	0.0051961886	0.005463935	0.0055321176	0.0052690753
0.0012043002	0.0012653457	0.001330379	0.0012553219	0.0012624625	0.0011851244	0.0012400455	0.0012518072	0.0012428289	0.0012357509	0.0012345128	0.0012221801	0.001206761	0.0012168096	0.0011803922	0.0012517521	0.0012246879	0.97644377	0.0013038629	0.0012418665
0.0020824438	0.0021880022	0.32941422	0.0021706694	0.0021830166	0.0020492855	0.3201166	0.0021645918	0.0021490667	0.0021368274	0.0021346868	0.0021133614	0.002086699	0.31405833	0.0020411029	0.0021644966	0.0021176976	0.0022268172	0.002254605	0.0021474024
0.004595801	0.0048287604	0.0050769374	0.0047905077	0.0048177573	0.0045226226	0.0047322107	0.0047770953	0.0047428324	0.0047158212	0.004711097	0.004664033	0.41133124	0.0046435385	0.5029699	0.0047768853	0.0046736035	0.004914422	0.004975748	0.0047391597
0.0017613538	0.0018506363	0.0019457509	0.0018359759	0.0018464194	0.20269497	0.0018136334	0.0018308355	0.0018177041	0.0018073521	0.0018055415	0.0017875042	0.0017649528	0.0017796494	0.76442903	0.0018307549	0.001791172	0.0018834664	0.0019069697	0.0018162966
5.3761218e-05	5.648636e-05	5.938951e-05	5.6038883e-05	5.6357647e-05	5.290519e-05	5.535693e-05	5.5881985e-05	5.5481178e-05	5.516521e-05	5.5109944e-05	0.29949033	5.387107e-05	5.431965e-05	5.269394e-05	5.5879525e-05	5.4671345e-05	5.748842e-05	0.6995134	5.5438217e-05
0.0076891817	0.008078944	0.008494166	0.008014943	0.0080605345	0.007566748	0.007917408	0.007992503	0.0079351785	0.007889987	0.007882082	0.0078033404	0.41666833	0.44018242	0.0075365347	0.007992152	0.007819353	0.008222263	0.008324867	0.007929034
0.0076891854	0.008078948	0.00849417	0.008014948	0.008060539	0.007566752	0.007917412	0.007992507	0.007935182	0.5671152	0.007882087	0.0078033446	0.007704897	0.0077690547	0.28968817	0.007992156	0.007819356	0.008222267	0.008324871	0.007929037
0.000164401	0.00017273445	0.00018161224	0.82096004	0.00017234085	0.00016178329	0.10121738	0.00017088628	0.00016966062	0.00016869439	0.00016852538	0.00016684183	0.00016473694	0.00016610869	0.00016113729	0.00017087876	0.00016718417	0.03771381	0.03741172	0.00016952924
0.0016959807	0.0017819494	0.0018735338	0.0017678331	0.6957229	0.0016689759	0.0017463198	0.0017628835	0.0017502395	0.0017402717	0.0017385283	0.0017211604	0.0016994461	0.27278155	0.0016623117	0.0017628059	0.0017246921	0.001813561	0.0018361919	0.0017488841
2.6367878e-05	0.41694033	2.9128345e-05	0.22621432	0.09767674	2.5948028e-05	2.7150516e-05	0.25873488	2.7211456e-05	2.7056483e-05	2.7029377e-05	2.6759355e-05	2.6421756e-05	2.6641768e-05	2.5844418e-05	2.740683e-05	2.6814263e-05	2.8195933e-05	2.8547782e-05	2.7190383e-05
0.015528205	0.016315324	0.017153861	0.016186077	0.016278148	0.015280953	0.015989104	0.016140759	0.016024992	0.015933728	0.015917765	0.015758747	0.015559934	0.0156895	0.69488245	0.01614005	0.015791083	0.016604757	0.016811963	0.016012583
0.003530546	0.0037095083	0.0039001608	0.0036801223	0.0037010557	0.0034743298	0.24857053	0.0036698186	0.0036434974	0.0036227473	0.003619118	0.003582963	0.00353776	0.685799	0.003460457	0.003669657	0.0035903149	0.0037753147	0.0038224256	0.003640676
0.009244865	0.009713484	0.010212715	0.009636535	0.00969135	0.00909766	0.009519266	0.009609555	0.009540631	0.009486297	0.009476793	0.00938212	0.009263755	0.818625	0.009061334	0.009609132	0.009401372	0.0098858	0.010009162	0.009533244
0.0035305133	0.0037094739	0.0039001247	0.003680088	0.8531554	0.0034742977	0.003635304	0.0036697844	0.0036434636	0.0036227135	0.0036190844	0.0035829297	0.0035377273	0.0812805	0.003460425	0.003669623	0.0035902816	0.0037752795	0.0038223902	0.0036406422
0.0016959829	0.0017819518	0.4996532	0.0017678355	0.0017778914	0.0016689781	0.0017463221	0.0017628858	0.0017502418	0.001740274	0.0017385306	0.0017211627	0.0016994483	0.0017135995	0.0016623139	0.4522043	0.0017246944	0.0018135634	0.0018361943	0.018540677
0.0092448685	0.009713489	0.010212719	0.00963654	0.009691355	0.009097665	0.009519271	0.00960956	0.009540636	0.009486302	0.009476798	0.009382125	0.0092637595	0.41661775	0.009061338	0.009609137	0.009401376	0.009885805	0.010009167	0.41154033
0.0010398615	0.0010925716	0.0011487252	0.0010839165	0.0010900821	0.001023304	0.0010707261	0.0010808818	0.0010731294	0.0010670177	0.0010659487	0.0010553	0.88467395	0.0010506627	0.0010192179	0.0010808342	0.0010574653	0.09602825	0.0011258295	0.0010722983
0.000116881645	0.00012280633	0.00012911805	0.5478567	0.020879054	0.00011502056	0.42921776	0.000121492376	0.00012062099	0.00011993404	0.000119813885	0.000118616954	0.00011712047	0.00011809572	0.000114561284	0.00012148703	0.00011886034	0.00012498492	0.00012654456	0.000120527584
0.35771003	0.0014144522	0.0014871489	0.0014032472	0.6172759	0.0013247776	0.0013861707	0.0013993183	0.0013892819	0.0013813699	0.001379986	0.0013661999	0.0013489639	0.0013601966	0.0013194878	0.0013992568	0.0013690033	0.0014395445	0.0014575082	0.0013882061
0.007689197	0.00807896	0.008494183	0.00801496	0.008060551	0.0075667636	0.007917424	0.007992519	0.007935194	0.007890003	0.8492586	0.0078033563	0.0077049085	0.0077690664	0.0075365496	0.007992168	0.0078193685	0.00822228	0.008324883	0.007929049
0.0038261171	0.004020062	0.0042266753	0.0039882157	0.0040109013	0.0037651947	0.0039396817	0.003977049	0.0039485246	0.0039260373	0.92499167	0.0038829225	0.0038339351	0.00386586	0.0037501603	0.003976874	0.0038908897	0.0040913774	0.0041424325	0.003945467
0.0012713119	0.0013357543	0.0014044062	0.0013251727	0.0013327106	0.001251069	0.0013090463	0.0013214624	0.1955345	0.0013045125	0.0013032056	0.41542032	0.0012739096	0.029695328	0.0012460735	0.0013214042	0.0012928341	0.3383696	0.0013764147	0.0013109685
0.0076892246	0.00807899	0.008494214	0.008014989	0.00806058	0.0075667906	0.007917452	0.007992548	0.007935223	0.007890031	0.007882127	0.0078033847	0.0077049364	0.007769095	0.007536577	0.007992197	0.007819396	0.8495982	0.008324914	0.007929078
0.015528392	0.016315522	0.017154068	0.016186273	0.016278345	0.015281137	0.015989298	0.016140955	0.016025186	0.6955926	0.015917957	0.015758937	0.015560122	0.015689693	0.01522012	0.016140245	0.015791275	0.016604958	0.016812166	0.016012777
0.009244871	0.009713491	0.010212722	0.009636543	0.009691358	0.3732761	0.0095192725	0.009609562	0.009540639	0.009486304	0.0094768	0.009382128	0.009263762	0.45444635	0.009061341	0.0096091395	0.009401379	0.0098858075	0.01000917	0.009533252
0.002696991	0.0028337007	0.0029793405	0.0028112526	0.0028272436	0.0026540475	0.0027770416	0.0028033815	0.0027832747	0.0027674239	0.0027646513	0.16211961	0.0027025018	0.17854056	0.00264345	0.0028032584	0.61190724	0.0028839703	0.0029199584	0.0027811197
0.0025466701	0.00267576	0.0028132824	0.0026545632	0.0026696632	0.0025061201	0.002622259	0.002647131	0.0026281448	0.0026131773	0.0026105593	0.00258448	0.002551874	0.9500368	0.0024961133	0.0026470146	0.0025897832	0.002723228	0.0027572103	0.0026261096
0.00047135146	0.0004952441	0.0005206975	0.00049132085	0.00049411564	0.00046384623	0.00048534185	0.0004899453	0.0004864312	0.00048366093	0.00048317638	0.6868061	0.00047231457	0.0004762475	0.30441058	0.0004899237	0.000479331	0.0005040297	0.0005103193	0.00048605455
0.011589788	0.01217727	0.012803129	0.012080804	0.012149523	0.011405245	0.01193379	0.01204698	0.33999872	0.011892458	0.011880544	0.011761858	0.01161347	0.44458172	0.011359705	0.01204645	0.011785992	0.012393294	0.012547947	0.011951313
0.0038261358	0.0040200814	0.0042266957	0.003988235	0.92508006	0.0037652128	0.003939701	0.0039770687	0.0039485437	0.0039260564	0.003922123	0.0038829413	0.0038339538	0.0038658788	0.0037501785	0.0039768936	0.0038909088	0.0040913974	0.0041424525	0.003945486
0.009244891	0.009713512	0.010212744	0.009636563	0.009691378	0.009097687	0.009519293	0.009609583	0.009540659	0.009486324	0.009476821	0.009382147	0.009263782	0.3121206	0.00906136	0.00960916	0.009401399	0.51638967	0.010009191	0.009533271
0.0035305044	0.0037094646	0.003900115	0.80628645	0.003701012	0.0034742889	0.003635295	0.0036697753	0.0036434545	0.0036227044	0.0036190753	0.0035829209	0.0035377184	0.0035671766	0.003460416	0.0036696137	0.0035902727	0.12833668	0.0038223807	0.003640633
0.38761163	0.01631538	0.017153919	0.016186133	0.016278204	0.015281004	0.015989158	0.016140815	0.016025048	0.015933782	0.32349592	0.015758801	0.015559987	0.015689554	0.015219988	0.016140103	0.015791137	0.016604813	0.01681202	0.016012637
0.0006825852	0.0007171852	0.77504665	0.0007115038	0.000715551	0.13946845	0.00070284534	0.00070951175	0.0007044229	0.0007004111	0.0006997094	0.00069271936	0.00068397995	0.0006896754	0.073498346	0.0007094805	0.00069414073	0.000729908	0.00073901634	0.00070387736
0.015528316	0.016315442	0.017153984	0.016186193	0.016278265	0.015281062	0.015989218	0.016140874	0.016025107	0.6955941	0.015917879	0.01575886	0.015560045	0.015689611	0.015220044	0.016140165	0.015791196	0.016604876	0.016812082	0.016012697
0.00077523	0.00081452617	0.0008563893	0.0008080737	0.0008126702	0.0007628862	0.00079823995	0.0008058112	0.00080003164	0.0007954754	0.00079467846	0.98479426	0.00077681406	0.0007832825	0.00075984	0.00080577575	0.00078835397	0.0008289758	0.00083932036	0.00079941214
0.0057530175	0.161677	0.0063553043	0.0059967516	0.0060308627	0.005661414	0.0059237755	0.005979962	0.0059370715	0.0059032594	0.0058973455	0.005838431	0.005764773	0.005812776	0.7313252	0.0059796986	0.005850411	0.0061518676	0.006228635	0.005932474
0.2588356	0.004387474	0.004612971	0.004352717	0.004377477	0.0041093137	0.0042997478	0.66353637	0.0043093986	0.0042848564	0.0042805634	0.004237801	0.0041843364	0.004219179	0.004092905	0.0043403395	0.0042464966	0.0044653076	0.004521029	0.0043060617
0.00768921	0.008078974	0.008494197	0.008014973	0.008060564	0.007566776	0.007917437	0.007992533	0.007935207	0.62862015	0.007882112	0.0078033693	0.0077049215	0.22841519	0.007536562	0.007992181	0.007819382	0.008222294	0.008324898	0.007929063
0.011589758	0.012177239	0.012803096	0.012080774	0.012149492	0.0114052165	0.011933759	0.012046949	0.011960545	0.011892428	0.011880514	0.011761828	0.01161344	0.011710144	0.011359676	0.012046419	0.011785963	0.77330357	0.012547914	0.011951283
0.005109686	0.005368694	0.0056446213	0.0053261644	0.005356461	0.005028325	0.0052613486	0.005311252	0.0052731577	0.005243127	0.005237874	0.0051855478	0.0051201265	0.0051627615	0.005008247	0.0053110183	0.005196188	0.9000543	0.005532117	0.0052690743
0.0021818634	0.15559265	0.0024102838	0.8039636	0.0022872377	0.002147122	0.0022466243	0.0022679332	0.0022516667	0.0022388434	0.0022366005	0.002214257	0.0021863217	0.002204527	0.0021385485	0.0022678333	0.0022188004	0.0023331293	0.002362244	0.0022499233
6.680979e-05	7.019636e-05	7.380414e-05	6.964027e-05	0.04310613	6.574599e-05	0.72578675	6.944529e-05	6.894721e-05	6.8554546e-05	6.848587e-05	6.7801695e-05	6.6946304e-05	6.750376e-05	6.548347e-05	6.9442234e-05	6.794082e-05	0.16755271	0.062458783	6.8893816e-05
0.004595751	0.0048287082	0.49296173	0.004790456	0.004817705	0.0045225737	0.0047321594	0.0047770436	0.0047427807	0.00471577	0.004711046	0.004663983	0.42191273	0.004643488	0.0045045153	0.004776833	0.0046735527	0.004914369	0.0049756938	0.004739108
0.00417579	0.0043874597	0.0046129557	0.0043527028	0.0043774624	0.0041092997	0.004299734	0.0043405164	0.0043093846	0.004284842	0.0042805495	0.004237787	0.0041843224	0.004219165	0.0040928917	0.004340325	0.0042464826	0.9183213	0.0045210137	0.0043060477
0.004175793	0.0043874625	0.0046129585	0.0043527056	0.0043774648	0.0041093025	0.004299736	0.0043405187	0.004309387	0.91814077	0.0042805523	0.0042377897	0.004184325	0.004219168	0.004092894	0.004340328	0.004246485	0.0044652955	0.0045210165	0.00430605
0.00011482577	0.54672927	0.00012684695	0.13751031	0.00012037135	0.000112997426	0.0024716512	0.011407361	0.000118499345	0.045524713	0.00011770644	0.00011653056	0.0001150604	0.0001160185	0.00011254623	0.254703	0.00011676967	0.00012278651	0.00012431873	0.00011840759
0.37793028	0.01631534	0.017153876	0.016186092	0.016278163	0.015280966	0.01598912	0.016140774	0.016025007	0.015933743	0.01591778	0.015758762	0.015559948	0.33294967	0.01521995	0.016140064	0.015791098	0.016604772	0.016811978	0.016012598
0.004595786	0.0048287446	0.005076921	0.0047904924	0.004817742	0.004522608	0.0047321953	0.0047770794	0.004742817	0.004715806	0.9099028	0.004664018	0.0046051764	0.004643523	0.0045045493	0.0047768694	0.004673588	0.004914406	0.0049757315	0.0047391444
0.0007622971	0.0008009377	0.0008421024	0.0007945928	0.00079911266	0.0007501592	0.0007849232	0.0007923681	0.000786685	0.0007822047	0.0007814211	0.98504794	0.0007638547	0.00077021524	0.00074716384	0.0007923332	0.0007752021	0.00081514625	0.0008253182	0.0007860758
0.07461382	0.0017181694	0.0018064758	0.0017045584	0.0017142543	0.8948959	0.001683815	0.0016997859	0.0016875945	0.0016779834	0.0016763024	0.0016595562	0.0016386191	0.0016522637	0.0016028138	0.0016997111	0.0016629614	0.0017486495	0.0017704704	0.0016862877
0.5683376	0.0053687375	0.005644668	0.0053262073	0.005356504	0.005028366	0.0052613914	0.005311295	0.0052732006	0.005243169	0.0052379165	0.0051855897	0.005120168	0.005162803	0.33636975	0.005311061	0.00519623	0.0054639787	0.005532162	0.005269117
0.01158977	0.012177252	0.01280311	0.012080787	0.012149505	0.5000205	0.011933772	0.012046962	0.011960558	0.28418717	0.011880526	0.01176184	0.011613452	0.011710157	0.011359689	0.012046432	0.011785975	0.012393276	0.012547928	0.011951296
0.001761359	0.0018506418	0.0019457566	0.0018359813	0.0018464248	0.0017333132	0.0018136387	0.0018308408	0.0018177094	0.0018073574	0.0018055468	0.0017875094	0.2756193	0.0017796546	0.69153625	0.0018307603	0.0017911772	0.001883472	0.0019069753	0.001816302
0.006581663	0.0069152853	0.0072707008	0.006860504	0.006899528	0.18820062	0.0067770164	0.0068412954	0.0067922273	0.006753545	0.006746779	0.006679379	0.0065951115	0.36335328	0.006451003	0.0068409946	0.0066930847	0.007037962	0.0071257865	0.33258423
0.0051096743	0.005368682	0.0056446088	0.0053261523	0.0053564487	0.89961886	0.005261337	0.00531124	0.005273146	0.0052431147	0.0052378625	0.005185536	0.005120115	0.00516275	0.005008236	0.005311006	0.0051961765	0.005463922	0.0055321045	0.0052690627
0.02352157	0.024713872	0.025984058	0.024518093	0.024657559	0.023147043	0.024219725	0.024449447	0.024274087	0.024135843	0.024111664	0.02387079	0.023569634	0.5385301	0.023054617	0.024448372	0.02391977	0.025152294	0.025466163	0.02425529
0.0035305084	0.0037094688	0.003900119	0.003680083	0.003701016	0.0034742928	0.673212	0.0036697793	0.0036434585	0.0036227086	0.0036190792	0.0035829248	0.0035377224	0.2611582	0.00346042	0.003669618	0.0035902767	0.0037752744	0.0038223849	0.003640637
0.023521675	0.024713982	0.025984174	0.024518201	0.024657669	0.023147145	0.024219833	0.024449555	0.024274195	0.024135951	0.53887385	0.023870895	0.023569738	0.023766002	0.023054719	0.02444848	0.023919877	0.025152406	0.025466274	0.024255399
0.00089697284	0.0009424401	0.0009908774	0.0009349743	0.00094029267	0.00088269054	0.0009235963	0.0009323565	0.00092566945	0.0009203976	0.0009194755	0.00091028993	0.0008988057	0.00090628996	0.000879166	0.0009323155	0.9824081	0.00095915893	0.000971128	0.00092495256
0.004175796	0.004387466	0.0046129622	0.0043527093	0.0043774685	0.004109306	0.00429974	0.0043405225	0.0043093907	0.004284848	0.21986076	0.004237793	0.0041843285	0.004219171	0.0040928973	0.004340331	0.7025221	0.004465299	0.00452102	0.0043060537
0.0025466848	0.0026757754	0.0028132987	0.0026545785	0.0026696785	0.0025061346	0.0026222742	0.38644567	0.00262816	0.0026131922	0.0026105742	0.0025844949	0.0025518886	0.14609021	0.0024961275	0.0026470297	0.0025897978	0.4228711	0.0027572261	0.0026261248
0.009244885	0.009713505	0.010212737	0.009636557	0.009691372	0.00909768	0.009519286	0.009609576	0.009540653	0.009486318	0.009476814	0.009382141	0.009263775	0.23080261	0.17880125	0.0096091535	0.009401392	0.009885822	0.4280912	0.009533265
0.588362	0.0014574003	0.0015323043	0.0014458549	0.0014540793	0.0013650027	0.0014282599	0.0014418068	0.31542477	0.0014233133	0.0014218874	0.07182463	0.0013899234	0.0014014972	0.0013595524	0.0014417433	0.0014105713	0.0014832544	0.0015017635	0.0014303572
0.0057529896	0.0060446067	0.006355273	0.0059967223	0.0060308333	0.0056613856	0.0059237466	0.0059799324	0.005937042	0.00590323	0.005897316	0.0058384025	0.0057647447	0.005812747	0.88695806	0.0059796693	0.005850382	0.0061518373	0.0062286044	0.005932445
0.004595786	0.0048287446	0.005076921	0.0047904924	0.9100095	0.004522608	0.0047321953	0.0047770794	0.004742817	0.004715806	0.0047110817	0.004664018	0.0046051764	0.004643523	0.0045045493	0.0047768694	0.004673588	0.004914406	0.0049757315	0.0047391444
0.005109683	0.0053686914	0.0056446185	0.0053261616	0.005356458	0.0050283223	0.0052613458	0.0053112493	0.005273155	0.005243124	0.0052378713	0.005185545	0.8997105	0.0051627588	0.005008245	0.0053110155	0.0051961853	0.0054639312	0.0055321143	0.0052690716
0.0065816846	0.006915308	0.007270725	0.0068605263	0.006899551	0.0064768856	0.006777039	0.006841318	0.0067922496	0.006753567	0.87097067	0.0066794013	0.0065951333	0.00665005	0.0064510237	0.006841017	0.0066931066	0.007037985	0.0071258103	0.00678699
0.0021818725	0.002292471	0.0024102938	0.0022743104	0.0022872472	0.002147131	0.0022466336	0.4027129	0.0022516763	0.0022388527	0.0022366098	0.049211994	0.0021863307	0.0022045362	0.0021385576	0.0022678429	0.50976545	0.002333139	0.0023622536	0.0022499326
0.0030579756	0.6995222	0.0033781168	0.0031875307	0.0032056621	0.003009284	0.0031487406	0.0031786063	0.0031558082	0.0031378355	0.0031346919	0.0031033764	0.003064224	0.2436963	0.002997268	0.0031784663	0.0031097443	0.0032699814	0.0033107866	0.0031533644
0.0021818676	0.002292466	0.0024102887	0.0022743053	0.0022872423	0.0021471262	0.0022466287	0.0022679376	0.0022516714	0.0022388478	0.002236605	0.0022142613	0.002186326	0.0022045313	0.957128	0.002267838	0.0022188048	0.002333134	0.0023622485	0.0022499277
0.0020824366	0.0021879945	0.002300448	0.0021706617	0.002183009	0.7740519	0.0021442464	0.18720256	0.0021490592	0.00213682	0.0021346794	0.002113354	0.0020866916	0.0021040672	0.0020410956	0.0021644891	0.0021176904	0.0022268095	0.0022545971	0.002147395
0.0016352822	0.0017181741	0.0018064807	0.001704563	0.001714259	0.0016092439	0.0016838197	0.0016997906	0.4752763	0.001677988	0.001676307	0.0016595607	0.0016386235	0.0016522682	0.0016028183	0.0016997157	0.001662966	0.0017486543	0.0017704753	0.49436274
0.0051096836	0.005368692	0.005644619	0.005326162	0.0053564585	0.0050283233	0.005261346	0.0053112498	0.0052731554	0.89983344	0.005237872	0.0051855454	0.005120124	0.005162759	0.0050082454	0.005311016	0.005196186	0.0054639317	0.0055321148	0.0052690725
0.0020824338	0.9592287	0.002300445	0.002170659	0.0021830061	0.0020492757	0.0021442436	0.0021645813	0.0021490564	0.0021368172	0.0021346766	0.0021133511	0.002086689	0.0021040647	0.002041093	0.002164486	0.0021176876	0.0022268065	0.0022545941	0.0021473921
0.011589706	0.012177184	0.012803038	0.012080719	0.012149436	0.011405165	0.011933705	0.012046895	0.011960491	0.011892374	0.01188046	0.011761774	0.011613387	0.011710091	0.772271	0.012046365	0.011785909	0.012393206	0.012547857	0.011951229
0.15114015	0.0037094802	0.783458	0.0036800944	0.0037010277	0.0034743035	0.00363531	0.0036697907	0.0036434697	0.0036227198	0.0036190904	0.0035829358	0.0035377333	0.0035671915	0.0034604308	0.0036696293	0.0035902876	0.003775286	0.0038223967	0.0036406484
0.009244866	0.009713485	0.010212716	0.009636536	0.009691351	0.009097661	0.009519267	0.009609556	0.009540632	0.009486298	0.8187609	0.009382121	0.009263756	0.009340894	0.009061335	0.009609133	0.009401373	0.009885801	0.010009163	0.009533245
0.0007259656	0.0007627646	0.67347115	0.00075672206	0.0007610265	0.0007144062	0.0007475133	0.0007546034	0.00074919115	0.0007449244	0.00074417813	0.0007367438	0.00072744896	0.0007335064	0.0007115536	0.0007545702	0.31309283	0.00077629596	0.0007859831	0.000748611
0.0038261448	0.004020091	0.004226706	0.0039882446	0.0040109307	0.003765222	0.0039397106	0.003977078	0.42762962	0.0039260658	0.50131005	0.0038829506	0.0038339628	0.003865888	0.0037501876	0.003976903	0.003890918	0.004091407	0.0041424623	0.0039454955
0.0035304935	0.0037094532	0.0039001028	0.0036800674	0.0037010007	0.0034742781	0.0036352836	0.003669764	0.003643443	0.0036226932	0.003619064	0.0035829097	0.0035377075	0.0035671657	0.0034604054	0.0036696026	0.0035902616	0.0037752585	0.0038223688	0.93080866
0.060588256	0.0017181762	0.0018064829	0.0017045651	0.0017142611	0.0016092458	0.0016838218	0.0016997926	0.0016876011	0.0016779901	0.001676309	0.0016595627	0.0016386255	0.25870675	0.0016028204	0.0016997178	0.0016629681	0.0017486565	0.0017704774	0.65194386
0.004175793	0.0043874625	0.004612959	0.004352706	0.3205811	0.0041093025	0.0042997366	0.004340519	0.0043093874	0.09590934	0.0042805523	0.00423779	0.0041843257	0.004219168	0.5101207	0.0043403283	0.0042464854	0.004465296	0.004521017	0.0043060505
0.011589742	0.012177223	0.012803079	0.012080757	0.0121494755	0.011405203	0.011933743	0.012046933	0.011960529	0.011892412	0.011880498	0.0117618125	0.011613424	0.77262074	0.011359661	0.012046403	0.011785947	0.0123932455	0.012547897	0.011951267
0.003277312	0.0034434379	0.003620416	0.0034161597	0.0034355917	0.9356162	0.0033745875	0.003406595	0.0033821617	0.0033628999	0.0033595308	0.0033259694	0.0032840087	0.0033113542	0.0032122503	0.003406445	0.003332794	0.0035045242	0.0035482561	0.0033795426
0.0035305151	0.0037094757	0.0039001266	0.00368009	0.0037010233	0.0034742993	0.003635306	0.0036697865	0.0036434655	0.0036227154	0.5698579	0.0035829316	0.0035377291	0.0035671873	0.0034604266	0.003669625	0.0035902834	0.36470407	0.003822392	0.003640644
0.000104100276	0.000109377084	0.1738228	0.48605666	0.000109127854	0.000102442704	0.18537095	0.031475354	0.000107430715	0.00010681888	0.00010671187	0.00010564582	0.00010431298	0.00010518159	0.00010203366	0.12120824	0.0005714763	0.00011131742	0.00011270652	0.00010734752
0.000394109	0.00041408624	0.00043536848	0.00041080592	0.0004131427	0.00038783366	0.00040580673	0.00040965574	0.19508748	0.00040440125	0.00040399612	0.0003999602	0.00039491427	0.0003982027	0.58150554	0.00040963772	0.21647055	0.0004214321	0.00042669103	0.0004064026
0.00014019058	0.0001472968	0.0001548672	0.00014612994	0.33928758	0.00013795836	0.5048192	0.0001457208	0.00014467564	0.00014385169	0.00014370758	0.00014227195	0.00014047703	0.00014164677	0.0001374075	0.00014571438	0.00014256388	0.15344234	0.0001517805	0.00014456362
0.005753092	0.0060447142	0.0063553867	0.0059968294	0.006030941	0.0056614866	0.005923852	0.005980039	0.0059371484	0.0059033358	0.8872146	0.0058385064	0.005764847	0.005812851	0.0056388807	0.005979776	0.0058504865	0.0061519477	0.006228715	0.005932551
0.0041758013	0.0043874714	0.004612968	0.0043527144	0.0043774736	0.0041093105	0.004299745	0.0043405276	0.52552694	0.004284853	0.0042805606	0.004237798	0.0041843336	0.0042191762	0.39673114	0.0043403367	0.004246494	0.0044653043	0.004521026	0.004306059
0.0041757785	0.0043874476	0.004612943	0.0043526907	0.00437745	0.0041092886	0.0042997217	0.0043405043	0.0043093725	0.0042848303	0.0042805374	0.004237775	0.004184311	0.9180753	0.00409288	0.004340313	0.0042464705	0.0044652806	0.004521001	0.0043060356
0.17228925	0.0048287427	0.005076919	0.0047904905	0.00481774	0.0045226063	0.0047321934	0.004777078	0.7422411	0.004715804	0.00471108	0.0046640164	0.0046051745	0.0046435213	0.0045045475	0.0047768676	0.004673586	0.0049144044	0.0049757296	0.0047391425
0.023521591	0.024713894	0.02598408	0.024518115	0.02465758	0.023147061	0.024219746	0.024449468	0.024274109	0.024135865	0.024111684	0.02387081	0.023569655	0.5385297	0.023054637	0.024448393	0.023919791	0.025152316	0.025466185	0.024255311
0.13070354	0.005368739	0.0056446684	0.0053262087	0.0053565055	0.005028367	0.0052613923	0.0053112963	0.0052732015	0.4334475	0.34602922	0.005185591	0.005120169	0.0051628044	0.005008289	0.0053110626	0.0051962314	0.0054639797	0.005532163	0.0052691186
5.9579357e-05	6.259942e-05	6.5816756e-05	6.2103514e-05	6.245678e-05	5.863069e-05	6.134776e-05	6.192964e-05	6.148546e-05	6.113529e-05	6.1074046e-05	0.25832948	5.97011e-05	6.0198225e-05	5.8396578e-05	6.192691e-05	6.0587983e-05	6.370993e-05	0.74056643	6.1437844e-05
0.00924487	0.0097134905	0.010212721	0.009636542	0.009691357	0.0090976665	0.009519272	0.009609561	0.009540638	0.009486303	0.0094767995	0.009382127	0.009263761	0.8186248	0.00906134	0.009609139	0.009401378	0.009885807	0.010009169	0.009533251
0.0026969917	0.0028337014	0.0029793412	0.0028112533	0.0028272443	0.002654048	0.0027770423	0.0028033822	0.0027832754	0.15923509	0.002764652	0.0027370332	0.0027025025	0.002725006	0.7905385	0.0028032588	0.0027426493	0.002883971	0.0029199591	0.0027811201
0.0038261411	0.004020087	0.004226702	0.003988241	0.004010927	0.0037652184	0.003939707	0.0039770743	0.0039485493	0.003926062	0.2919615	0.003882947	0.63686365	0.0038658844	0.0037501839	0.003976899	0.0038909144	0.004091403	0.0041424586	0.0039454917
0.12634587	0.8421452	0.001873525	0.0017678249	0.0017778807	0.0016689681	0.0017463117	0.0017628752	0.0017502313	0.0017402635	0.0017385201	0.0017211523	0.0016994381	0.0017135892	0.0016623039	0.0017627977	0.001724684	0.0018135526	0.0018361834	0.001748876
0.0030579627	0.0032129698	0.0033781023	0.0031875172	0.0032056486	0.0030092713	0.0031487274	0.0031785928	0.003155795	0.0031378223	0.0031346786	0.0031033633	0.003064211	0.0030897264	0.0029972554	0.0031784528	0.0031097312	0.9401861	0.0033107726	0.0031533511
0.0041757845	0.004387454	0.0046129497	0.004352697	0.0043774564	0.0041092946	0.004299728	0.0043405103	0.004309379	0.0042848364	0.004280544	0.0042377813	0.0041843173	0.9180752	0.004092886	0.0043403194	0.004246477	0.004465287	0.004521008	0.004306042
0.0024122302	0.0025345054	0.002664768	0.0025144275	0.0025287303	0.0023738209	0.0024838287	0.0025073877	0.0024894038	0.0024752263	0.0024727467	0.002448044	0.0024171593	0.9526744	0.002364342	0.0025072773	0.002453067	0.0025794674	0.0026116557	0.002487476
0.0011439942	0.0012019828	0.0012637596	0.14708805	0.001199244	0.0011257785	0.0011779496	0.0011891223	0.8316851	0.0011738699	0.0011726939	0.0011609787	0.0011463318	0.0011558771	0.0011212834	0.0011890699	0.001163361	0.0012233059	0.0012385712	0.0011796793
0.0032772857	0.0034434104	0.0036203866	0.0034161322	0.0034355642	0.70754826	0.0033745605	0.0034065677	0.0033821347	0.003362873	0.003359504	0.0033259427	0.0032839824	0.23137973	0.0032122245	0.0034064178	0.0033327672	0.003504496	0.0035482277	0.0033795156
0.0115896715	0.012177149	0.012803001	0.012080683	0.012149402	0.011405132	0.01193367	0.01204686	0.011960455	0.011892339	0.011880426	0.011761741	0.011613353	0.77262217	0.011359592	0.01204633	0.011785874	0.01239317	0.012547821	0.011951194
0.04847452	0.050931677	0.05354934	0.050528206	0.050815623	0.04770267	0.049913313	0.050386734	0.050025344	0.049740445	0.049690615	0.049194206	0.04857357	0.048978034	0.047512196	0.050384518	0.04929515	0.0518352	0.05248204	0.04998661
0.023521768	0.024714079	0.025984274	0.024518298	0.024657765	0.023147235	0.024219928	0.024449652	0.02427429	0.024136046	0.024111865	0.02387099	0.53832996	0.023766095	0.02305481	0.024448575	0.02391997	0.025152504	0.025466375	0.024255494
0.004595751	0.0048287082	0.0050768824	0.004790456	0.004817705	0.0045225737	0.0047321594	0.0047770436	0.0047427807	0.00471577	0.004711046	0.004663983	0.0046051415	0.004643488	0.909697	0.004776833	0.0046735527	0.004914369	0.0049756938	0.004739108
0.0021818588	0.0022924566	0.0024102787	0.002274296	0.0022872328	0.9571367	0.0022466194	0.0022679286	0.002251662	0.0022388387	0.0022365956	0.0022142523	0.002186317	0.0022045223	0.002138544	0.0022678287	0.0022187957	0.0023331244	0.002362239	0.0022499184
0.004595844	0.0048288056	0.0050769853	0.004790553	0.004817803	0.0045226654	0.0047322554	0.90996766	0.0047428776	0.0047158655	0.0047111413	0.004664077	0.0046052346	0.0046435823	0.0045046066	0.00477693	0.004673647	0.004914468	0.0049757943	0.004739204
0.006581665	0.006915288	0.0072707036	0.0068605063	0.0068995305	0.5156267	0.006777019	0.36191562	0.0067922296	0.006753547	0.0067467815	0.0066793812	0.006595114	0.0066500306	0.0064510047	0.006840997	0.006693087	0.007037964	0.007125789	0.00678697
0.004595761	0.004828719	0.0050768936	0.0047904663	0.004817716	0.004522584	0.0047321697	0.004777054	0.0047427914	0.0047157807	0.004711056	0.004663993	0.0046051517	0.9098357	0.004504525	0.004776844	0.004673563	0.0049143797	0.004975705	0.0047391187
7.0959846e-05	0.08537086	0.061871294	0.27317652	0.3440969	6.982996e-05	0.07311801	0.015952356	7.323003e-05	7.281298e-05	7.274003e-05	7.201337e-05	7.110484e-05	7.169692e-05	6.955113e-05	0.12853578	7.216113e-05	7.5879405e-05	0.017013103	7.317333e-05
0.0019084779	0.002005218	0.0021082773	0.001989333	0.0020006488	0.0018780895	0.0019651242	0.0019837632	0.001969535	0.0019583183	0.0019563565	0.0019368124	0.0019123774	0.0019283016	0.0018705904	0.0019836759	0.0019407866	0.0020407904	0.0020662567	0.9625973
0.009244834	0.009713452	0.010212681	0.009636504	0.0096913185	0.00909763	0.009519234	0.009609523	0.009540601	0.009486266	0.009476762	0.00938209	0.009263724	0.81862557	0.009061304	0.0096091	0.009401341	0.0098857675	0.0100091295	0.0095332125
0.004595779	0.0048287376	0.0050769136	0.0047904854	0.004817735	0.0045226016	0.0047321883	0.004777073	0.00474281	0.0047157994	0.613762	0.0046640113	0.00460517	0.3007844	0.004504543	0.0047768624	0.0046735816	0.0049143992	0.0049757245	0.0047391374
0.007689186	0.008078949	0.008494171	0.008014948	0.008060539	0.0075667524	0.007917412	0.007992508	0.007935183	0.8492667	0.007882087	0.007803345	0.0077048973	0.007769055	0.007536539	0.007992156	0.007819356	0.008222268	0.008324872	0.007929038
0.0028661601	0.0030114448	0.00316622	0.0029875888	0.0030045828	0.22241104	0.0029512318	0.002979224	0.002957856	0.0029410108	0.0029380643	0.0029087132	0.32304478	0.0028959317	0.4039188	0.002979093	0.0029146816	0.0030648676	0.0031031133	0.0029555655
0.0016352861	0.0017181783	0.0018064851	0.0017045672	0.0017142632	0.0016092478	0.0016838239	0.0016997947	0.0016876032	0.63272107	0.001676311	0.0016595648	0.0016386276	0.33687425	0.0016028221	0.0016997199	0.00166297	0.0017486586	0.0017704796	0.0016862964
0.0020824561	0.0021880153	0.0023004697	0.0021706822	0.0021830294	0.0020492976	0.0021442664	0.0021646046	0.0021490792	0.00213684	0.79338914	0.0021133737	0.0020867113	0.06930085	0.0020411147	0.0021645094	0.10070668	0.0022268305	0.0022546183	0.0021474152
0.0013870825	0.0014573933	0.0015322969	0.001445848	0.6712653	0.0013649963	0.0014282531	0.0014417999	0.1585673	0.0014233065	0.14586008	0.0014076761	0.0013899168	0.0014014905	0.0013595459	0.0014417365	0.0014105645	0.0014832473	0.0015017564	0.0014303505
0.0017613474	0.0018506295	0.0019457438	0.0018359692	0.0018464127	0.69543105	0.0018136267	0.0018308287	0.0018176974	0.0018073454	0.0018055348	0.0017874975	0.0017649464	0.0017796429	0.27169314	0.0018307482	0.0017911653	0.0018834595	0.0019069626	0.0018162898
0.009244911	0.009713532	0.010212766	0.009636584	0.009691399	0.009097706	0.009519313	0.47992536	0.00954068	0.009486345	0.0094768405	0.009382168	0.009263801	0.3483083	0.009061379	0.0096091805	0.009401419	0.009885849	0.010009212	0.009533292
0.0030579788	0.0032129867	0.0033781203	0.0031875342	0.0032056656	0.1968256	0.003148744	0.0031786095	0.0031558115	0.0031378388	0.0031346953	0.0031033799	0.0030642273	0.56860924	0.1805772	0.0031784698	0.0031097478	0.0032699849	0.00331079	0.003153368
0.42640075	0.5408755	0.001945754	0.0018359788	0.0018464224	0.001733311	0.0018136363	0.0018308385	0.0018177071	0.001807355	0.0018055444	0.0017875071	0.0017649557	0.0017796523	0.0017263899	0.001830758	0.0017911749	0.0018834695	0.0019069727	0.0018162995
0.0007752316	0.00081452786	0.000856391	0.0008080753	0.8614759	0.0007628877	0.0007982416	0.00080581283	0.0008000333	0.00079547695	0.00079468003	0.0007867412	0.00077681564	0.0007832841	0.0007598415	0.0008057774	0.00078835554	0.0008289775	0.00083932205	0.12414363
0.005752996	0.0060446137	0.00635528	0.0059967292	0.00603084	0.005661392	0.005923753	0.0059799394	0.005937049	0.005903237	0.005897323	0.005838409	0.005764751	0.8871319	0.0056387866	0.0059796763	0.005850389	0.0061518443	0.0062286113	0.0059324517
0.005753021	0.00604464	0.006355308	0.0059967553	0.0060308664	0.005661417	0.005923779	0.0059799654	0.0059370752	0.005903263	0.0058973487	0.0058384347	0.0057647764	0.005812779	0.0056388113	0.0059797023	0.0058504147	0.0061518713	0.006228639	0.88725114
0.04847452	0.050931677	0.05354934	0.050528206	0.050815623	0.04770267	0.049913313	0.050386734	0.050025344	0.049740445	0.049690615	0.049194206	0.04857357	0.048978034	0.047512196	0.050384518	0.04929515	0.0518352	0.05248204	0.04998661
0.19360557	0.0040200828	0.0042266976	0.0039882367	0.0040109227	0.0037652145	0.0039397026	0.00397707	0.003948545	0.003926058	0.003922125	0.0038829427	0.5732188	0.0038658802	0.16565496	0.003976895	0.0038909102	0.004091399	0.0041424544	0.0039454876
0.0951185	0.004020087	0.004226702	0.68746996	0.0040109265	0.003765218	0.0039397064	0.003977074	0.0039485493	0.0039260616	0.0039221286	0.0038829464	0.0038339589	0.15016083	0.0037501836	0.003976899	0.003890914	0.004091403	0.004142458	0.0039454913
0.015528212	0.016315334	0.017153868	0.016186085	0.69594055	0.01528096	0.015989112	0.016140766	0.016025	0.015933735	0.015917772	0.015758755	0.0155599415	0.015689507	0.015219944	0.016140057	0.01579109	0.016604764	0.01681197	0.01601259
0.004595751	0.0048287082	0.0050768824	0.004790456	0.004817705	0.0045225737	0.0047321594	0.0047770436	0.90993524	0.00471577	0.004711046	0.004663983	0.0046051415	0.004643488	0.0045045153	0.004776833	0.0046735527	0.004914369	0.0049756938	0.004739109
0.0035305154	0.003709476	0.003900127	0.0036800902	0.0037010235	0.0034742996	0.0036353061	0.0036697867	0.0036434657	0.0036227158	0.32439387	0.0035829318	0.0035377294	0.0035671876	0.60985327	0.0036696251	0.0035902837	0.0037752818	0.0038223926	0.0036406443
0.005752989	0.006044606	0.0063552726	0.005996722	0.006030833	0.005661385	0.005923746	0.0059799324	0.005937042	0.00590323	0.8872167	0.005838402	0.0057647442	0.005812747	0.0056387796	0.0059796693	0.0058503817	0.006151837	0.006228604	0.0059324447
0.22409745	0.009713487	0.010212718	0.009636538	0.009691353	0.009097663	0.009519269	0.009609558	0.009540634	0.0094863	0.009476796	0.009382123	0.009263758	0.009340896	0.0090613365	0.009609135	0.0094013745	0.6043172	0.010009165	0.009533247
0.005109706	0.005368715	0.0056446437	0.0053261854	0.28125176	0.005028345	0.0052613695	0.005311273	0.0052731787	0.0052431473	0.0052378946	0.0051855682	0.0051201466	0.6238573	0.0050082672	0.0053110393	0.0051962086	0.005463956	0.005532139	0.0052690953
0.0051096915	0.0053687003	0.0056446283	0.0053261705	0.0053564673	0.005028331	0.005261355	0.005311258	0.0052731642	0.005243133	0.00523788	0.005185554	0.0051201326	0.89975286	0.0050082533	0.0053110244	0.005196194	0.0054639406	0.0055321236	0.005269081
0.07728786	0.0037094592	0.003900109	0.0036800734	0.0037010065	0.0034742837	0.0036352896	0.00366977	0.003643449	0.0036226993	0.00361907	0.0035829155	0.003537713	0.0035671713	0.0034604112	0.0036696084	0.0035902674	0.0037752646	0.003822375	0.8570512
0.0016352838	0.0017181758	0.0018064826	0.0017045648	0.0017142608	0.0016092455	0.0016838214	0.0016997922	0.24473277	0.0016779897	0.0016763087	0.0016595625	0.0016386252	0.0016522699	0.0016028199	0.0016997175	0.7248829	0.0017486562	0.001770477	0.001686294
0.0051096654	0.4239836	0.0056445994	0.0053261435	0.00535644	0.0050283056	0.005261328	0.005311231	0.0052731372	0.005243106	0.005237853	0.0051855273	0.0051201065	0.005162741	0.0050082277	0.0053109974	0.0051961676	0.0054639126	0.005532095	0.48124483
0.00768918	0.008078942	0.008494164	0.008014942	0.008060533	0.0075667463	0.007917406	0.007992501	0.007935177	0.007889985	0.849259	0.0078033386	0.0077048913	0.007769049	0.007536533	0.00799215	0.007819351	0.008222261	0.008324864	0.007929032
0.003530511	0.0037094713	0.0039001221	0.0036800855	0.0037010189	0.0034742954	0.0036353017	0.003669782	0.003643461	0.0036227112	0.0036190818	0.0035829274	0.003537725	0.0035671832	0.9306282	0.0036696205	0.0035902793	0.0037752772	0.0038223877	0.0036406398
0.0092448685	0.009713489	0.010212719	0.00963654	0.009691355	0.009097665	0.009519271	0.00960956	0.009540636	0.81877023	0.009476798	0.009382125	0.0092637595	0.009340898	0.009061338	0.009609137	0.009401376	0.009885805	0.010009167	0.009533249
0.015528215	0.016315335	0.017153872	0.016186088	0.016278159	0.015280962	0.015989115	0.01614077	0.016025003	0.015933739	0.015917776	0.015758758	0.015559944	0.69535184	0.015219946	0.01614006	0.015791094	0.016604768	0.016811974	0.016012594
0.5363358	0.003011467	0.0031662434	0.0029876106	0.003004605	0.0028205435	0.0029512537	0.002979246	0.0029578777	0.0029410324	0.002938086	0.0029087346	0.0028720377	0.4102987	0.0028092812	0.002979115	0.002914703	0.0030648902	0.003103136	0.0029555873
0.005109699	0.0053687077	0.0056446358	0.005326178	0.005356475	0.005028338	0.005261362	0.0053112656	0.0052731712	0.54866695	0.005237887	0.0051855613	0.0051201396	0.356329	0.0050082603	0.005311032	0.0051962016	0.0054639485	0.005532131	0.005269088
0.0035305282	0.0037094895	0.003900141	0.0036801035	0.003701037	0.0034743121	0.0036353192	0.67419815	0.0036434787	0.15705371	0.0036190995	0.10679094	0.0035377422	0.0035672006	0.0034604394	0.0036696384	0.0035902967	0.0037752956	0.0038224063	0.0036406575
0.0030579672	0.0032129746	0.0033781074	0.0031875218	0.0032056533	0.0030092758	0.003148732	0.0031785974	0.0031557993	0.003137827	0.94005066	0.003103368	0.0030642156	0.003089731	0.0029972598	0.0031784575	0.0031097357	0.0032699725	0.0033107775	0.0031533558
0.0032773032	0.0034434288	0.75964046	0.0034161506	0.0034355824	0.0032251193	0.0033745784	0.003406586	0.0033821526	0.003362891	0.003359522	0.0033259604	0.0032839999	0.0033113454	0.17958337	0.003406436	0.003332785	0.003504515	0.0035482466	0.0033795338
0.07672863	0.0037094806	0.003900132	0.0036800948	0.0037010282	0.003474304	0.0036353108	0.0036697912	0.0036434704	0.0036227203	0.003619091	0.0035829365	0.0035377338	0.18867555	0.0034604312	0.0036696298	0.0035902883	0.0037752865	0.0038223972	0.67250174
0.0045957784	0.0048287367	0.005076913	0.0047904844	0.004817734	0.0045226007	0.0047321874	0.004777072	0.004742809	0.0047157984	0.004711074	0.0046640104	0.004605169	0.0046435157	0.90969646	0.0047768615	0.0046735806	0.0049143983	0.0049757236	0.0047391364
0.011589794	0.012177277	0.012803136	0.012080811	0.01214953	0.011405253	0.011933796	0.012046987	0.011960582	0.011892465	0.011880551	0.011761865	0.011613476	0.7726197	0.011359712	0.012046457	0.011785999	0.012393301	0.012547954	0.01195132
0.00015759663	0.00016558515	0.0001740955	0.00016427341	0.00016520785	0.00015508725	0.39723992	0.00016381349	0.00016263855	0.0001617123	0.0001615503	0.00015993642	0.00015791865	0.00015923362	0.000154468	0.00016380627	0.0001602646	0.5295298	0.07048053	0.00016251262
0.0026969968	0.0028337068	0.002979347	0.0028112587	0.0028272497	0.002654053	0.0027770477	0.0028033876	0.0027832808	0.0027674297	0.34790453	0.0027370383	0.0027025077	0.0027250112	0.4370739	0.0028032642	0.16753492	0.0028839766	0.0029199647	0.0027811255
0.0032772978	0.6011334	0.0036204	0.003416145	0.0034355768	0.0032251142	0.0033745728	0.0034065803	0.003382147	0.0033628854	0.0033595164	0.003325955	0.0032839945	0.3380127	0.0032122363	0.0034064304	0.0033327795	0.003504509	0.0035482408	0.0033795282
0.009244892	0.009713513	0.010212745	0.009636564	0.009691379	0.009097688	0.009519294	0.8188931	0.00954066	0.009486325	0.009476822	0.009382148	0.009263783	0.009340921	0.009061361	0.009609161	0.0094014	0.00988583	0.010009192	0.009533272
0.009244916	0.009713538	0.010212772	0.009636589	0.009691405	0.009097711	0.009519319	0.009609609	0.009540685	0.00948635	0.009476846	0.0093821725	0.009263807	0.5303436	0.009061385	0.009609186	0.009401425	0.009885855	0.010009218	0.29781356
0.0035305354	0.0037094972	0.0039001491	0.0036801111	0.0037010445	0.0034743194	0.0036353269	0.0036698075	0.0036434864	0.0036227363	0.003619107	0.0035829523	0.0035377494	0.0035672078	0.0034604466	0.003669646	0.0035903042	0.93094254	0.0038224142	0.003640665
0.0035305072	0.0037094676	0.003900118	0.0036800818	0.0037010151	0.0034742916	0.0036352978	0.0036697784	0.0036434573	0.0036227074	0.003619078	0.0035829237	0.0035377212	0.0035671794	0.93062824	0.0036696168	0.0035902755	0.0037752732	0.0038223837	0.003640636
0.0016959751	0.0017819436	0.0018735277	0.0017678273	0.0017778832	0.0016689704	0.0017463141	0.0017628777	0.0017502338	0.001740266	0.0017385226	0.0017211548	0.9667125	0.0017135916	0.0016623064	0.0017628002	0.0017246865	0.0018135551	0.0018361859	0.0017488785
0.0065816557	0.006915278	0.007270693	0.006860496	0.0068995203	0.0064768572	0.006777009	0.006841288	0.00679222	0.87097794	0.0067467717	0.006679372	0.006595104	0.006650021	0.0064509953	0.006840987	0.0066930773	0.0070379544	0.0071257786	0.00678696
0.0045957854	0.004828744	0.0050769206	0.004790492	0.0048177415	0.0045226077	0.7272779	0.004777079	0.0047428166	0.0047158054	0.0047110813	0.004664018	0.004605176	0.0046435227	0.004504549	0.004776869	0.0046735876	0.18756041	0.004975731	0.004739144
0.005109676	0.005368684	0.0056446106	0.005326154	0.0053564506	0.0050283154	0.005261339	0.005311242	0.005273148	0.0052431165	0.005237864	0.005185538	0.0051201168	0.0051627513	0.8995988	0.005311008	0.0051961783	0.005463924	0.0055321064	0.0052690646
0.0076891896	0.008078952	0.008494175	0.008014952	0.008060543	0.007566756	0.007917416	0.007992512	0.007935187	0.5476315	0.00788209	0.007803349	0.007704901	0.30940422	0.0075365426	0.0079921605	0.00781936	0.008222272	0.0083248755	0.007929042
0.0076892255	0.00807899	0.008494214	0.008014989	0.008060581	0.0075667915	0.007917453	0.007992549	0.007935223	0.007890032	0.007882128	0.007803385	0.007704937	0.0077690952	0.5613104	0.007992197	0.007819397	0.00822231	0.008324914	0.2955312
0.16626954	0.0026757675	0.0028132903	0.0026545706	0.0026696704	0.002506127	0.0026222663	0.0026471382	0.002628152	0.0026131845	0.0026105666	0.0025844872	0.002551881	0.78631383	0.0024961203	0.0026470218	0.0025897902	0.0027232354	0.002757218	0.0026261169
0.002696992	0.0028337017	0.0029793414	0.0028112535	0.0028272448	0.0026540484	0.0027770426	0.65571815	0.0027832757	0.0027674248	0.0027646523	0.0027370334	0.0027025028	0.2941729	0.0026434509	0.0028032593	0.0027426495	0.0028839712	0.0029199596	0.0027811206
0.0024122368	0.0025345124	0.0026647751	0.0025144343	0.002528737	0.0023738272	0.0024838354	0.0025073944	0.0024894106	0.002475233	0.0024727532	0.0024480505	0.0024171658	0.30759063	0.0023643486	0.002507284	0.0024530739	0.6476632	0.0026116627	0.0024874827
0.9977404	0.000120949495	0.00012716577	0.00011999135	0.000120673896	0.000113281436	0.00011853114	0.0001196554	0.00011879719	0.000118120624	0.00011800229	0.00011682345	0.0001153496	0.000116310104	0.00011282911	0.00011965013	0.00011706316	0.00012309513	0.00012463119	0.0001187052
0.0021818639	0.95728195	0.0024102845	0.0022743014	0.0022872384	0.0021471225	0.0022466248	0.002267934	0.0022516674	0.0022388438	0.002236601	0.0022142574	0.0021863221	0.0022045274	0.0021385492	0.002267834	0.0022188008	0.00233313	0.0023622445	0.0022499238
0.0038261232	0.0040200683	0.0042266822	0.0039882218	0.004010908	0.0037652005	0.003939688	0.0039770557	0.0039485306	0.0039260434	0.0039221104	0.0038829285	0.0038339412	0.003865866	0.0037501664	0.0039768806	0.003890896	0.9251608	0.004142439	0.003945473
0.005752989	0.006044606	0.0063552726	0.005996722	0.006030833	0.005661385	0.005923746	0.0059799324	0.005937042	0.00590323	0.005897316	0.005838402	0.0057647442	0.5698002	0.0056387796	0.0059796693	0.0058503817	0.32348368	0.006228604	0.0059324447
0.0035304949	0.0037094546	0.0039001042	0.0036800688	0.003701002	0.0034742795	0.003635285	0.0036697653	0.0036434445	0.0036226946	0.9307871	0.003582911	0.0035377087	0.0035671669	0.0034604068	0.0036696037	0.003590263	0.00377526	0.0038223702	0.003640623
0.0076891617	0.008078923	0.008494144	0.008014923	0.008060514	0.0075667286	0.007917387	0.007992483	0.007935158	0.0078899665	0.007882062	0.0078033204	0.007704873	0.8491463	0.007536515	0.007992132	0.007819333	0.008222243	0.008324846	0.007929013
0.003530507	0.0037094674	0.0039001177	0.0036800816	0.003701015	0.0034742914	0.0036352975	0.0036697781	0.003643457	0.0036227072	0.0036190778	0.0035829234	0.003537721	0.0035671792	0.0034604187	0.0036696165	0.0035902753	0.003775273	0.0038223835	0.93080837
0.0030579811	0.0032129893	0.0033781228	0.0031875365	0.0032056682	0.0030092895	0.0031487464	0.003178612	0.003155814	0.0031378411	0.0031346977	0.0031033822	0.0030642296	0.65101194	0.0029972736	0.0031784722	0.00310975	0.2922635	0.0033107926	0.0031533702
0.005753036	0.006044656	0.0063553248	0.005996771	0.0060308822	0.0056614317	0.0059237946	0.0059799813	0.24069431	0.0059032785	0.0058973646	0.00583845	0.0057647917	0.6523739	0.005638826	0.005979718	0.00585043	0.0061518876	0.006228655	0.0059324936
0.0065816776	0.0069153006	0.0072707166	0.006860519	0.006899543	0.0064768787	0.0067770313	0.0068413108	0.006792242	0.270643	0.006746794	0.006679394	0.006595126	0.006650043	0.0064510168	0.0068410095	0.006693099	0.007037977	0.6074603	0.0067869825
0.16938958	0.0028336933	0.0029793328	0.0028112454	0.0028272364	0.0026540405	0.0027770344	0.0028033743	0.7804535	0.0027674166	0.002764644	0.0027370255	0.0027024949	0.0027249984	0.0026434432	0.002803251	0.0027426416	0.0028839628	0.002919951	0.0027811124
0.0020824338	0.0021879915	0.0023004448	0.0021706587	0.002183006	0.0020492754	0.0021442433	0.0021645813	0.0021490562	0.002136817	0.5559779	0.40531078	0.0020866888	0.0021040644	0.0020410928	0.002164486	0.0021176874	0.0022268062	0.0022545941	0.002147392
0.3490859	0.016315473	0.017154017	0.016186224	0.016278297	0.0152810905	0.01598925	0.016140906	0.016025137	0.015933873	0.01591791	0.01575889	0.015560075	0.36179167	0.015220074	0.016140196	0.015791226	0.016604908	0.016812116	0.016012728
0.0051097116	0.005368721	0.0056446497	0.005326191	0.005356488	0.0050283503	0.005261375	0.0053112786	0.0052731843	0.005243153	0.0052379	0.005185574	0.89970994	0.005162787	0.0050082724	0.005311045	0.005196214	0.0054639615	0.005532145	0.005269101
0.0019916738	0.002092631	0.0022001832	0.0020760535	0.0020878627	0.0019599607	0.0020507895	0.002070241	0.0020553926	0.5704789	0.0020416395	0.0020212436	0.0019957433	0.0020123618	0.39242986	0.0020701499	0.002025391	0.002129754	0.0021563307	0.002053801
0.005109719	0.005368729	0.005644658	0.005326199	0.0053564957	0.0050283577	0.005261383	0.0053112865	0.005273192	0.0052431608	0.005237908	0.0051855817	0.0051201596	0.005162795	0.00500828	0.005311053	0.8997858	0.00546397	0.005532153	0.005269109
0.0013462233	0.0014144629	0.9737154	0.0014032578	0.0014112398	0.0013247876	0.0013861811	0.0013993289	0.0013892924	0.0013813803	0.0013799964	0.0013662103	0.0013489741	0.0013602069	0.0013194978	0.0013992673	0.0013690136	0.0014395553	0.0014575191	0.0013882166
0.0026969905	0.4966051	0.4535707	0.002811252	0.0028272432	0.0026540468	0.0027770412	0.002803381	0.0027832743	0.0027674232	0.0027646506	0.002737032	0.0027025014	0.0027250047	0.0026434492	0.0028032577	0.0027426481	0.0028839696	0.002919958	0.002781119
0.001346221	0.0014144605	0.7800071	0.0014032554	0.0014112375	0.0013247854	0.0013861788	0.0013993266	0.0013892901	0.0013813779	0.0013799941	0.001366208	0.0013489717	0.0013602045	0.0013194956	0.001399265	0.0013690114	0.19514789	0.0014575167	0.0013882143
0.08150227	0.0037094662	0.0039001165	0.0036800804	0.0037010137	0.0034742905	0.0036352966	0.003669777	0.003643456	0.003622706	0.003619077	0.0035829225	0.0035377198	0.0035671783	0.0034604177	0.0036696154	0.0035902741	0.0037752718	0.0038223823	0.8528366
0.003530522	0.66898066	0.0039001345	0.0036800974	0.0037010307	0.0034743063	0.0036353131	0.0036697937	0.0036434727	0.0036227226	0.0036190934	0.0035829388	0.265434	0.0035671946	0.0034604336	0.0036696321	0.0035902907	0.003775289	0.0038223998	0.0036406512
0.0076892255	0.00807899	0.8498702	0.008014989	0.008060581	0.0075667915	0.007917453	0.007992549	0.007935223	0.007890032	0.007882128	0.007803385	0.007704937	0.0077690952	0.0075365775	0.007992197	0.007819397	0.00822231	0.008324914	0.007929079
0.011589766	0.012177248	0.012803105	0.012080781	0.0121495	0.011405224	0.011933767	0.012046957	0.011960552	0.011892436	0.011880522	0.011761836	0.011613447	0.7726203	0.011359683	0.0120464275	0.01178597	0.012393271	0.012547922	0.011951291
0.009244927	0.8189963	0.010212784	0.0096366005	0.009691416	0.009097721	0.00951933	0.00960962	0.009540697	0.0094863605	0.009476857	0.009382184	0.009263817	0.009340956	0.009061395	0.009609197	0.009401435	0.009885867	0.01000923	0.009533315
0.0065816753	0.0069152983	0.0072707143	0.0068605165	0.006899541	0.0064768763	0.006777029	0.0068413084	0.00679224	0.0067535574	0.006746792	0.0066793915	0.31574094	0.006650041	0.5615292	0.006841007	0.006693097	0.007037975	0.0071258	0.00678698
0.0009530994	0.0010014117	0.0010528798	0.0009934787	0.0009991298	0.09969963	0.0009813887	0.0009906972	0.0009835915	0.0009779899	0.0009770101	0.0009672498	0.00095504685	0.0009629995	0.0009341783	0.8825671	0.0009692345	0.0010191767	0.0010318947	0.0009828298
0.011589697	0.012177175	0.012803028	0.012080709	0.012149428	0.011405157	0.011933696	0.012046886	0.011960481	0.011892365	0.772792	0.011761766	0.011613378	0.011710082	0.011359616	0.012046356	0.0117859	0.012393197	0.012547848	0.01195122
0.0032773013	0.0034434267	0.0036204036	0.0034161485	0.0034355803	0.0032251175	0.0033745763	0.0034065838	0.0033821505	0.003362889	0.0033595199	0.0033259585	0.6192362	0.31975046	0.0032122396	0.0034064339	0.003332783	0.0035045126	0.0035482445	0.0033795317
0.0009149335	0.0009613112	0.0010107184	0.0009536959	0.00095912075	0.00090036524	0.00094209006	0.0009510257	0.9820697	0.0009388273	0.00093788677	0.0009285173	0.000916803	0.0009244372	0.0008967701	0.00095098384	0.0009304225	0.0009783648	0.0009905735	0.0009434735
0.0065816916	0.0069153155	0.0072707324	0.0068605333	0.006899558	0.0064768926	0.006777046	0.006841325	0.006792257	0.006753574	0.0067468085	0.006679408	0.00659514	0.87087375	0.0064510307	0.0068410244	0.0066931136	0.0070379926	0.0071258172	0.0067869974
0.0045957635	0.0048287213	0.005076897	0.004790469	0.0048177186	0.0045225862	0.0047321725	0.0047770566	0.004742794	0.0047157835	0.004711059	0.0046639955	0.0046051545	0.90983564	0.004504528	0.0047768466	0.0046735657	0.0049143825	0.0049757077	0.0047391215
0.0021818662	0.0022924643	0.0024102868	0.0022743037	0.0022872405	0.0021471246	0.0022466271	0.002267936	0.9572411	0.0022388462	0.0022366033	0.0022142597	0.0021863244	0.0022045297	0.0021385513	0.0022678364	0.0022188032	0.0023331323	0.0023622469	0.002249926
0.0065816734	0.0069152964	0.007270713	0.0068605146	0.006899539	0.006476875	0.006777027	0.0068413066	0.006792238	0.0067535555	0.8709708	0.0066793896	0.0065951217	0.006650039	0.006451013	0.0068410053	0.006693095	0.007037973	0.0071257977	0.0067869783
0.0032772983	0.6630551	0.0036204006	0.0034161455	0.0034355773	0.0032251147	0.0033745733	0.0034065808	0.0033821475	0.003362886	0.0033595168	0.0033259555	0.003283995	0.0033113405	0.0032122368	0.0034064308	0.00333278	0.0035045096	0.0035482415	0.2761592
0.009244851	0.00971347	0.0102127	0.009636521	0.009691336	0.009097647	0.009519252	0.009609541	0.009540618	0.009486283	0.81876105	0.009382107	0.009263742	0.0093408795	0.009061321	0.009609118	0.009401358	0.009885786	0.010009147	0.00953323
0.004595776	0.0048287343	0.0050769104	0.004790482	0.0048177317	0.0045225983	0.0047321855	0.0047770697	0.90993476	0.004715796	0.0047110715	0.004664008	0.0046051666	0.0046435134	0.00450454	0.004776859	0.0046735783	0.004914396	0.0049757212	0.004739134
0.7725021	0.012177128	0.012802979	0.012080663	0.0121493805	0.011405112	0.01193365	0.012046839	0.011960436	0.01189232	0.011880405	0.01176172	0.011613334	0.011710037	0.011359572	0.012046309	0.011785855	0.01239315	0.012547799	0.011951174
0.0065816366	0.006915258	0.007270672	0.0068604765	0.0068995007	0.0064768386	0.0067769894	0.0068412684	0.0067922003	0.0067535182	0.006746752	0.0066793524	0.87081987	0.0066500017	0.0064509767	0.006840967	0.0066930577	0.007037934	0.007125758	0.0067869406
0.005109676	0.005368684	0.0056446106	0.005326154	0.0053564506	0.0050283154	0.005261339	0.005311242	0.005273148	0.0052431165	0.005237864	0.005185538	0.0051201168	0.0051627513	0.005008238	0.005311008	0.0051961783	0.90005445	0.0055321064	0.0052690646
0.003530511	0.39647868	0.0039001221	0.0036800855	0.0037010189	0.0034742954	0.0036353017	0.003669782	0.003643461	0.0036227112	0.0036190818	0.0035829274	0.003537725	0.0035671832	0.0034604226	0.0036696205	0.0035902793	0.53817374	0.0038223877	0.0036406398
0.0038261244	0.0040200693	0.0042266836	0.003988223	0.0040109092	0.003765202	0.003939689	0.003977057	0.003948532	0.003926045	0.0039221114	0.00388293	0.0038339423	0.9249352	0.0037501676	0.003976882	0.0038908971	0.0040913853	0.0041424404	0.0039454745
0.015528417	0.016315548	0.017154096	0.016186299	0.016278371	0.015281161	0.015989324	0.27956164	0.016025212	0.015933946	0.015917983	0.015758963	0.015560147	0.015689716	0.4314576	0.016140271	0.015791299	0.016604984	0.016812192	0.016012803
0.0076891854	0.008078948	0.00849417	0.008014948	0.008060539	0.84894353	0.007917412	0.007992507	0.007935182	0.007889991	0.007882087	0.0078033446	0.007704897	0.0077690547	0.007536538	0.007992156	0.007819356	0.008222267	0.008324871	0.007929037
0.04847452	0.050931677	0.05354934	0.050528206	0.050815623	0.04770267	0.049913313	0.050386734	0.050025344	0.049740445	0.049690615	0.049194206	0.04857357	0.048978034	0.047512196	0.050384518	0.04929515	0.0518352	0.05248204	0.04998661
0.0051096817	0.00536869	0.005644617	0.00532616	0.005356457	0.0050283214	0.005261345	0.005311248	0.005273154	0.0052431226	0.00523787	0.005185544	0.005120123	0.8997531	0.0050082435	0.005311014	0.0051961844	0.0054639303	0.005532113	0.0052690706
0.0076891575	0.008078919	0.00849414	0.008014918	0.008060509	0.0075667244	0.007917383	0.007992478	0.007935153	0.007889962	0.007882058	0.007803316	0.007704869	0.84914637	0.007536511	0.007992127	0.0078193275	0.008222238	0.008324841	0.007929009
0.23316096	0.009713471	0.010212701	0.009636522	0.009691337	0.009097648	0.009519253	0.009609542	0.009540618	0.009486284	0.594845	0.009382108	0.009263743	0.00934088	0.009061322	0.009609119	0.009401359	0.009885787	0.010009149	0.009533231
0.00013020368	0.00013680366	0.00014383477	0.00013571994	0.00013649194	0.00012813047	0.13622667	0.00013533994	0.00013436923	0.00013360399	0.00013347014	0.00013213677	0.00013046972	0.00013155614	0.00012761886	0.00013533399	0.0001324079	0.80850595	0.052995667	0.00013426518
0.0011160522	0.0011726244	0.0012328922	0.0011633352	0.0011699524	0.3242207	0.0011491781	0.001160078	0.0011517575	0.62696743	0.0011440509	0.029164493	0.0011183325	0.0011276448	0.001093896	0.001160027	0.0011349459	0.0011934267	0.0012083191	0.0011508656
0.0018319631	0.0019248247	0.0020237523	0.0019095766	0.0019204387	0.0018027931	0.0018863383	0.0019042301	0.9640983	0.0018798053	0.0018779221	0.0018591617	0.0018357064	0.0018509921	0.0017955946	0.0019041463	0.0018629766	0.001958971	0.0019834163	0.0018891083
0.011589719	0.012177198	0.012803053	0.012080733	0.01214945	0.011405178	0.011933719	0.012046909	0.011960504	0.7728035	0.011880473	0.011761788	0.011613401	0.0117101045	0.011359638	0.012046378	0.011785923	0.01239322	0.012547872	0.011951243
0.33465803	0.0069153034	0.00727072	0.0068605216	0.006899546	0.0064768814	0.006777034	0.0068413136	0.006792245	0.0067535625	0.54289436	0.0066793966	0.0065951287	0.0066500455	0.0064510196	0.0068410123	0.006693102	0.0070379805	0.007125805	0.0067869853
0.00241224	0.0025345157	0.0026647786	0.0025144375	0.0025287403	0.0023738304	0.0024838387	0.0025073977	0.7411762	0.0024752363	0.21402298	0.0024480538	0.0024171688	0.0024372966	0.0023643516	0.0025072873	0.002453077	0.0025794776	0.0026116662	0.002487486
0.023521578	0.02471388	0.025984064	0.0245181	0.024657564	0.023147048	0.02421973	0.024449453	0.024274094	0.02413585	0.02411167	0.023870796	0.5383337	0.023765901	0.023054622	0.024448378	0.023919776	0.025152301	0.025466168	0.024255296
0.21045387	0.0053686774	0.005644604	0.0053261477	0.0053564445	0.0050283098	0.0052613323	0.0053112353	0.0052731414	0.0052431105	0.005237858	0.005185532	0.0051201107	0.6944091	0.005008232	0.005311002	0.005196172	0.0054639173	0.0055321	0.005269058
0.023521598	0.024713902	0.025984088	0.024518123	0.024657588	0.023147069	0.024219753	0.024449475	0.024274116	0.024135873	0.024111692	0.023870818	0.02356966	0.023765923	0.53781825	0.0244484	0.023919798	0.025152324	0.025466193	0.02425532
0.023521738	0.024714047	0.02598424	0.024518266	0.024657734	0.023147205	0.024219897	0.02444962	0.024274258	0.024136014	0.5388726	0.023870958	0.0235698	0.023766063	0.02305478	0.024448544	0.02391994	0.02515247	0.025466342	0.024255462
0.011589792	0.012177275	0.012803134	0.012080808	0.012149527	0.01140525	0.011933793	0.012046984	0.011960579	0.011892462	0.26259542	0.011761862	0.011613473	0.5219049	0.011359709	0.0120464545	0.011785996	0.012393299	0.01254795	0.011951317
0.003277293	0.0034434178	0.0036203945	0.0034161399	0.0034355717	0.0032251093	0.0033745677	0.0034065752	0.0033821422	0.40473133	0.0033595115	0.0033259501	0.0032839896	0.36304903	0.1744975	0.0034064252	0.0033327746	0.0035045038	0.0035482354	0.003379523
0.0025466708	0.0026757608	0.0028132831	0.0026545639	0.0026696636	0.9499698	0.0026222598	0.0026471314	0.0026281455	0.0026131778	0.0026105598	0.0025844804	0.0025518744	0.0025731237	0.0024961138	0.002647015	0.0025897836	0.0027232284	0.0027572108	0.0026261103
0.00015440135	0.00016222791	0.9969854	0.00016094277	0.00016185825	0.00015194285	0.00015898421	0.00016049216	0.00015934106	0.00015843358	0.00015827487	0.0001566937	0.00015471685	0.00015600516	0.00015133615	0.0001604851	0.00015701522	0.00016510581	0.00016716613	0.00015921767
0.003277299	0.0034434244	0.0036204013	0.0034161462	0.003435578	0.0032251151	0.003374574	0.0034065815	0.0033821482	0.0033628866	0.0035380148	0.0033259562	0.0032839957	0.0033113412	0.0032122375	0.0034064315	0.93554556	0.0035045103	0.0035482422	0.0033795293
0.0051096748	0.0053686826	0.0056446097	0.005326153	0.0053564496	0.53328234	0.0052613374	0.0053112404	0.0052731466	0.0052431156	0.37157437	0.0051855366	0.0051201154	0.0051627504	0.0050082365	0.005311007	0.005196177	0.0054639224	0.0055321055	0.005269063
0.006581649	0.006915271	0.0072706854	0.006860489	0.0068995133	0.0064768507	0.006777002	0.006841281	0.006792213	0.0067535304	0.0067467648	0.006679365	0.0065950975	0.0066500143	0.87067556	0.00684098	0.0066930703	0.007037947	0.0071257716	0.006786953
0.005109761	0.0053687734	0.0056447047	0.0053262427	0.0053565395	0.005028399	0.005261426	0.0053113303	0.0052732355	0.0052432045	0.76677924	0.005185624	0.005120202	0.0051628374	0.0050083213	0.0053110966	0.0051962645	0.13851142	0.0055321986	0.005269152
0.009244868	0.009713487	0.010212718	0.009636538	0.009691353	0.009097663	0.009519269	0.009609558	0.009540634	0.8187703	0.009476796	0.009382123	0.009263758	0.009340896	0.0090613365	0.009609135	0.0094013745	0.009885803	0.010009165	0.009533247
0.00060972275	0.0006406294	0.0006735549	0.00063555443	0.0006391696	0.00060001423	0.36622125	0.00063377497	0.00062922935	0.34576464	0.000625019	0.0006187751	0.00061096856	0.053459205	0.0005976184	0.0006337471	0.22446625	0.0006519941	0.0006601301	0.0006287421
0.0032772857	0.0034434104	0.0036203866	0.0034161322	0.0034355642	0.32174155	0.0033745605	0.0034065677	0.0033821347	0.003362873	0.003359504	0.0033259427	0.0032839824	0.0033113277	0.6170873	0.0034064178	0.0033327672	0.003504496	0.0035482277	0.0033795156
0.0076892124	0.0080789765	0.0084942	0.008014976	0.008060567	0.0075667785	0.00791744	0.007992536	0.00793521	0.007890019	0.007882114	0.007803372	0.007704924	0.007769082	0.007536565	0.007992184	0.007819383	0.84959847	0.0083249	0.007929065
0.011589736	0.012177216	0.012803071	0.01208075	0.012149468	0.011405194	0.011933736	0.012046926	0.011960521	0.7728032	0.011880491	0.011761805	0.011613417	0.011710121	0.011359654	0.012046396	0.011785939	0.012393238	0.01254789	0.011951259
0.0041757976	0.0043874676	0.004612964	0.004352711	0.0043774704	0.29381952	0.0042997417	0.0043405243	0.0043093925	0.00428485	0.0042805574	0.004237795	0.0041843303	0.004219173	0.6282385	0.004340333	0.00424649	0.004465301	0.004521022	0.0043060556
0.0015260547	0.0016034099	0.0016858183	0.0015907079	0.0015997563	0.0015017556	0.0015713501	0.0015862542	0.0015748771	0.001565908	0.0015643393	0.0015487116	0.0015291729	0.0015419062	0.9700142	0.0015861845	0.0015518893	0.0016318542	0.0016522177	0.0015736576
0.118741624	0.005368697	0.0056446246	0.005326167	0.0053564636	0.005028328	0.0052613514	0.005311255	0.0052731605	0.0052431296	0.005237877	0.0051855505	0.0051201293	0.005162764	0.00500825	0.005311021	0.005196191	0.0054639373	0.00553212	0.78622735
0.0028661832	0.0030114693	0.0031662455	0.0029876127	0.003004607	0.0028205456	0.0029512558	0.002979248	0.0029578798	0.0029410345	0.002938088	0.0029087367	0.9437444	0.002895955	0.0028092833	0.002979117	0.002914705	0.0030648923	0.0031031382	0.0029555894
0.0051096934	0.005368702	0.00564463	0.0053261723	0.0053564687	0.0050283326	0.0052613565	0.00531126	0.0052731656	0.005243134	0.0052378816	0.0051855557	0.005120134	0.89975286	0.0050082547	0.0053110262	0.005196196	0.0054639424	0.0055321255	0.0052690823
0.0057530254	0.006044645	0.006355313	0.00599676	0.006030871	0.0056614215	0.005923784	0.00597997	0.00593708	0.5530083	0.3401109	0.0058384393	0.005764781	0.0058127837	0.0056388155	0.005979707	0.005850419	0.006151876	0.0062286435	0.0059324824
0.53828603	0.02471386	0.025984045	0.024518082	0.024657547	0.02314703	0.024219714	0.024449436	0.024274075	0.024135832	0.024111653	0.023870777	0.023569621	0.023765884	0.023054605	0.02444836	0.02391976	0.025152283	0.02546615	0.02425528
0.0065816715	0.0069152946	0.0072707105	0.006860513	0.006899537	0.006476873	0.0067770253	0.0068413047	0.006792236	0.0067535536	0.006746788	0.0066793878	0.00659512	0.87087417	0.006451011	0.0068410034	0.006693093	0.007037971	0.007125796	0.0067869765
0.009244903	0.009713524	0.010212757	0.009636575	0.00969139	0.009097698	0.009519305	0.009609595	0.8188239	0.009486336	0.009476832	0.009382159	0.009263793	0.009340932	0.009061371	0.009609172	0.009401411	0.009885841	0.010009204	0.009533283
0.0035304981	0.003709458	0.003900108	0.0036800723	0.0037010056	0.0034742828	0.0036352884	0.0036697688	0.003643448	0.0036226981	0.0036190688	0.0035829146	0.0035377122	0.9307351	0.00346041	0.0036696075	0.0035902662	0.0037752634	0.003822374	0.0036406266
0.015528287	0.01631541	0.017153952	0.016186163	0.016278233	0.015281033	0.015989188	0.016140845	0.69568586	0.015933812	0.015917849	0.015758831	0.015560016	0.015689583	0.015220016	0.016140135	0.015791167	0.016604844	0.01681205	0.016012667
0.000118089985	0.00012407593	0.00013045289	0.7212489	0.01607078	0.00011620966	0.2446983	0.00012274839	0.00012186799	0.000121173936	0.000121052544	0.00011984324	0.00011833128	0.00011931662	0.00011574564	0.016037066	0.00012008914	0.00012627702	0.00012785279	0.00012177362
0.0013870841	0.001457395	0.21762884	0.0014458498	0.0014540742	0.0013649978	0.0014282548	0.0014418017	0.0014314605	0.0014233082	0.0014218823	0.0014076778	0.0013899184	0.001401492	0.0013595475	0.0014417382	0.0014105662	0.75677204	0.001501758	0.0014303521
0.0057530096	0.0060446276	0.006355295	0.005996743	0.0060308543	0.005661405	0.005923767	0.0059799533	0.005937063	0.005903251	0.0058973366	0.0058384226	0.0057647647	0.0058127674	0.0056387996	0.0059796902	0.0058504026	0.8874708	0.0062286262	0.0059324657
0.04847452	0.050931677	0.05354934	0.050528206	0.050815623	0.04770267	0.049913313	0.050386734	0.050025344	0.049740445	0.049690615	0.049194206	0.04857357	0.048978034	0.047512196	0.050384518	0.04929515	0.0518352	0.05248204	0.04998661
0.0028661804	0.0030114662	0.0031662425	0.00298761	0.0030046043	0.0028205428	0.002951253	0.783205	0.002957877	0.0029410317	0.0029380852	0.002908734	0.002872037	0.0028959522	0.16345601	0.0029791142	0.0029147023	0.0030648895	0.0031031354	0.0029555866
0.049934536	0.0018506281	0.0019457422	0.0018359676	0.0018464111	0.0017333004	0.0018136252	0.0018308273	0.0018176959	0.001807344	0.9172969	0.0017874961	0.0017649449	0.0017796415	0.0017263794	0.0018307468	0.0017911639	0.001883458	0.0019069611	0.0018162885
0.0092448825	0.009713503	0.010212734	0.009636554	0.009691369	0.009097678	0.009519284	0.0096095735	0.00954065	0.81877	0.009476812	0.009382139	0.0092637725	0.009340911	0.009061351	0.009609151	0.009401389	0.00988582	0.010009182	0.009533262
0.0045957947	0.004828754	0.005076931	0.004790501	0.004817751	0.0045226165	0.90992373	0.0047770888	0.004742826	0.004715815	0.0047110906	0.004664027	0.0046051852	0.004643532	0.004504558	0.0047768787	0.004673597	0.0049144155	0.0049757413	0.004739153
0.009244865	0.24970247	0.010212715	0.009636535	0.00969135	0.00909766	0.009519266	0.009609555	0.009540631	0.009486297	0.009476793	0.00938212	0.009263755	0.578636	0.009061334	0.009609132	0.009401372	0.0098858	0.010009162	0.009533244
0.005109676	0.005368684	0.0056446106	0.005326154	0.0053564506	0.0050283154	0.005261339	0.005311242	0.005273148	0.0052431165	0.005237864	0.005185538	0.0051201168	0.0051627513	0.8995988	0.005311008	0.0051961783	0.005463924	0.0055321064	0.0052690646
0.04847452	0.050931677	0.05354934	0.050528206	0.050815623	0.04770267	0.049913313	0.050386734	0.050025344	0.049740445	0.049690615	0.049194206	0.04857357	0.048978034	0.047512196	0.050384518	0.04929515	0.0518352	0.05248204	0.04998661
0.0020824345	0.812965	0.0023004457	0.0021706596	0.0021830068	0.0020492764	0.0021442443	0.0021645823	0.002149057	0.002136818	0.0021346773	0.0021133518	0.14835031	0.0021040654	0.0020410938	0.002164487	0.0021176883	0.0022268074	0.002254595	0.0021473928
0.0003657195	0.0003842577	0.00040400686	0.00038121367	0.0003833821	0.20995846	0.00037657458	0.00038014635	0.0003774198	0.00037527035	0.00037489441	0.00037114922	0.0003664668	0.00036951833	0.00035845916	0.0003801296	0.0003719108	0.78324795	0.0003959545	0.00037712755
0.007689218	0.008078982	0.008494207	0.008014982	0.008060573	0.007566784	0.007917445	0.007992541	0.007935218	0.007890024	0.00788212	0.0078033777	0.0077049294	0.8491452	0.00753657	0.007992189	0.007819389	0.008222302	0.008324906	0.007929071
0.011589801	0.012177284	0.012803145	0.0120808175	0.012149537	0.011405258	0.011933803	0.012046994	0.011960588	0.011892471	0.011880558	0.011761871	0.011613483	0.011710187	0.011359718	0.012046464	0.7726954	0.012393308	0.0125479605	0.011951326
