topic_0	topic_1	topic_2	topic_3	topic_4	topic_5	topic_6	topic_7	topic_8	topic_9	topic_10	topic_11	topic_12	topic_13	topic_14	topic_15	topic_16	topic_17
0.017330626	0.017014347	0.6993919	0.017985336	0.018160883	0.019348899	0.017406283	0.017665144	0.017740121	0.018177465	0.017614238	0.01699082	0.017515695	0.017008733	0.018029869	0.01687241	0.017530981	0.018216236
0.005690096	0.0055862525	0.0057369233	0.0059050545	0.0059626903	0.0063527473	0.0057149357	0.66169727	0.005824544	0.005968135	0.005783213	0.005578528	0.005750858	0.24525264	0.005919675	0.005539651	0.005755878	0.0059808637
0.00055897137	0.0005487703	0.0005635715	0.000580088	0.00058575	0.22221202	0.00056141155	0.0005697607	0.000572179	0.00058628473	0.768721	0.00054801145	0.00056494045	0.0005485892	0.0005815243	0.0005441924	0.0005654335	0.00058753527
0.005117235	0.0050238464	0.005159348	0.005310552	0.6063861	0.005713173	0.3101956	0.005216008	0.0052381475	0.005367282	0.005200977	0.0050168997	0.00517188	0.005022189	0.0053237006	0.004981937	0.0051763947	0.00537873
0.012924047	0.012688186	0.013030407	0.013412287	0.013543199	0.014429144	0.012980466	0.013173517	0.013229421	0.013555564	0.013135545	0.012670642	0.013062058	0.012684	0.77624124	0.012582339	0.013073458	0.013584476
0.0064073605	0.0062904274	0.0064600906	0.0066494155	0.006714317	0.0071535427	0.0064353314	0.0065310355	0.006558756	0.006720447	0.006512215	0.0062817293	0.888877	0.006288352	0.0066658785	0.0062379516	0.006481434	0.006734782
0.026296722	0.025816813	0.026513133	0.02729015	0.54491407	0.029359158	0.026411518	0.026804304	0.026918072	0.027581677	0.02672706	0.025781114	0.026577534	0.025808295	0.027357718	0.025601445	0.026600732	0.027640505
0.51338756	0.010116039	0.010388886	0.01069335	0.010797723	0.011504069	0.010349068	0.010502976	0.31834581	0.010807581	0.010472709	0.010102051	0.01041412	0.010112701	0.010719826	0.010031649	0.0104232095	0.010830633
0.008567326	0.0084109735	0.008637832	0.008890979	0.6080268	0.009565051	0.008604726	0.008732692	0.008769758	0.008985956	0.008707527	0.008399343	0.008658812	0.008408198	0.008912993	0.008340808	0.2523751	0.009005123
0.004649175	0.0045643286	0.004687436	0.0048248097	0.004871903	0.005190604	0.0046694707	0.0047389134	0.9194294	0.004876351	0.0047252574	0.004558017	0.004698822	0.0045628226	0.0048367553	0.0045262524	0.004702923	0.0048867515
0.012924064	0.012688201	0.013030423	0.013412304	0.013543215	0.01442916	0.012980482	0.013173524	0.013229437	0.013555579	0.013135561	0.012670657	0.013062075	0.012684016	0.0134455105	0.2271388	0.5613125	0.013584493
0.0028343964	0.0027826694	0.0028577226	0.0029414734	0.002970184	0.47130036	0.00284677	0.0028891063	0.0029013688	0.0029728957	0.0028807807	0.0027788216	0.48270705	0.0027817513	0.0029487563	0.002759456	0.0028671643	0.0029792367
0.005117241	0.0050238525	0.005159354	0.0053105587	0.0053623924	0.0057131797	0.00513958	0.0052160146	0.91131777	0.0053672884	0.0052009835	0.0050169057	0.005171886	0.0050221947	0.0053237067	0.004981943	0.0051764003	0.0053787366
0.008567307	0.008410956	0.008637813	0.008890959	0.008977741	0.009565032	0.008604707	0.8514908	0.0087697385	0.008985938	0.008707508	0.008399325	0.008658795	0.008408181	0.008912976	0.00834079	0.008666351	0.009005103
0.010304069	0.010116022	0.010388868	0.010693333	0.0107977055	0.011504051	0.010349051	0.010502959	0.010547538	0.0108075645	0.8213548	0.010102035	0.010414102	0.010112685	0.010719809	0.010031633	0.010423192	0.010830615
0.0034038262	0.6311851	0.0034318385	0.003532415	0.0035668933	0.0038002261	0.0034186854	0.0034695272	0.0034842533	0.00357015	0.19433045	0.0033370864	0.0034401747	0.0033406047	0.0035411608	0.0033138301	0.003443177	0.1223906
0.0129240565	0.0126881935	0.0130304145	0.013412295	0.013543207	0.014429152	0.012980474	0.013173515	0.013229431	0.0135555705	0.013135553	0.012670649	0.013062066	0.012684007	0.013445503	0.012582347	0.77586913	0.013584484
0.003403824	0.0033417048	0.0034318361	0.003532413	0.0035668907	0.003800223	0.0034186833	0.0034695251	0.003484251	0.0035701476	0.0034595265	0.0033370843	0.0034401722	0.9408678	0.0035411587	0.003313828	0.0034431748	0.0035777623
0.0046491753	0.004564329	0.0046874364	0.0048248107	0.004871903	0.005190605	0.004669471	0.0047389143	0.004759028	0.0048763514	0.004725258	0.0045580175	0.0046988223	0.004562823	0.0048367563	0.0045262524	0.0047029234	0.9195571
0.69924915	0.017014356	0.017473262	0.01798535	0.018160896	0.019348912	0.017406292	0.017665153	0.017740132	0.018177476	0.01761425	0.01699083	0.017515704	0.017008742	0.018029878	0.01687242	0.017530993	0.018216247
0.003403826	0.003341707	0.0034318382	0.0035324148	0.003566893	0.003800226	0.0034186852	0.003469527	0.003484253	0.0035701497	0.0034595286	0.0033370862	0.0034401743	0.9408678	0.0035411606	0.00331383	0.0034431769	0.0035777644
0.010304068	0.010116021	0.010388868	0.010693331	0.010797705	0.0115040485	0.01034905	0.010502958	0.010547536	0.010807563	0.010472691	0.010102034	0.010414101	0.010112684	0.010719808	0.010031632	0.010423191	0.82171273
0.0030017872	0.0029470052	0.0030264908	0.0031151879	0.0031455935	0.0033513661	0.0030148912	0.0030597278	0.0030727147	0.0031484654	0.0030509105	0.0029429302	0.0030338422	0.002946033	0.0031229006	0.0029224209	0.0030364902	0.9480613
0.0042595714	0.004181835	0.0042946264	0.13724615	0.0044636345	0.0047556288	0.004278166	0.52277964	0.004360218	0.00446771	0.0043292777	0.0041760528	0.0043050577	0.0041804556	0.004431433	0.0041469494	0.27486637	0.0044772387
0.005690091	0.005586248	0.005736918	0.0059050494	0.0059626866	0.0063527417	0.0057149306	0.47461864	0.16653594	0.0059681297	0.2718188	0.0055785235	0.005750853	0.005584405	0.0059196693	0.0055396464	0.0057558725	0.005980859
0.010304085	0.5618368	0.010388884	0.010693349	0.010797722	0.011504071	0.010349067	0.0105029745	0.010547555	0.010807581	0.010472709	0.01010205	0.01041412	0.0101127	0.0107198255	0.010031648	0.010423209	0.26999167
0.008567309	0.008410957	0.008637814	0.008890961	0.008977742	0.009565032	0.008604708	0.008732676	0.00876974	0.008985939	0.00870751	0.008399327	0.008658797	0.008408182	0.008912975	0.008340792	0.85142446	0.009005105
0.010304135	0.010116085	0.010388934	0.0106934	0.82167864	0.011504125	0.010349116	0.010503025	0.010547604	0.010807633	0.01047276	0.010102098	0.010414169	0.010112749	0.010719877	0.0100316955	0.010423258	0.010830684
0.008567313	0.008410961	0.008637819	0.008890966	0.008977746	0.009565038	0.008604713	0.38972637	0.008769745	0.008985943	0.47047186	0.008399331	0.0086588	0.008408186	0.00891298	0.0083407955	0.008666358	0.009005109
0.054484893	0.053490553	0.05493328	0.0565432	0.05709509	0.06083003	0.05472274	0.05553656	0.055772282	0.05714722	0.05537652	0.05341659	0.055066716	0.053472906	0.056683198	0.053044327	0.05511478	0.05726911
0.008567309	0.008410958	0.008637815	0.008890969	0.008977743	0.009565033	0.008604709	0.85149074	0.008769741	0.008985939	0.00870751	0.008399327	0.008658797	0.008408183	0.008912975	0.008340793	0.008666354	0.009005106
0.008567301	0.008410949	0.008637806	0.008890954	0.008977734	0.85232323	0.008604701	0.008732667	0.008769733	0.008985931	0.008707502	0.00839932	0.008658788	0.008408175	0.0089129675	0.008340784	0.008666346	0.009005097
0.054484893	0.053490553	0.05493328	0.0565432	0.05709509	0.06083003	0.05472274	0.05553656	0.055772282	0.05714722	0.05537652	0.05341659	0.055066716	0.053472906	0.056683198	0.053044327	0.05511478	0.05726911
0.0073315627	0.0071977633	0.0073918984	0.007608532	0.007682795	0.008185375	0.007363568	0.0074730767	0.0075047957	0.00768981	0.0074515417	0.0071878107	0.0074098543	0.87263405	0.00762737	0.0071377186	0.007416321	0.007706211
0.012924053	0.012688192	0.013030414	0.013412293	0.013543204	0.014429149	0.012980472	0.013173514	0.013229429	0.01355557	0.0131355515	0.012670647	0.77585775	0.012684006	0.013445501	0.012582345	0.013073465	0.0135844825
0.012924103	0.012688242	0.013030465	0.013412345	0.0135432575	0.014429205	0.012980523	0.013173565	0.013229483	0.013555623	0.013135602	0.012670697	0.013062115	0.012684056	0.013445555	0.012582394	0.77586824	0.013584536
0.054484893	0.053490553	0.05493328	0.0565432	0.05709509	0.06083003	0.05472274	0.05553656	0.055772282	0.05714722	0.05537652	0.05341659	0.055066716	0.053472906	0.056683198	0.053044327	0.05511478	0.05726911
0.005690102	0.0055862586	0.0057369294	0.00590506	0.005962697	0.0063527534	0.005714942	0.0057999324	0.00582455	0.0059681423	0.005783219	0.005578534	0.0057508647	0.005584416	0.9014852	0.005539657	0.0057558836	0.0059808707
0.012924021	0.01268816	0.013030381	0.7762085	0.013543171	0.014429112	0.01298044	0.0131734805	0.013229395	0.013555535	0.013135519	0.012670616	0.013062032	0.012683975	0.013445468	0.012582314	0.013073432	0.013584448
0.9597832	0.0022751838	0.002336549	0.0024050262	0.0024285004	0.002587364	0.002327594	0.0023622094	0.0023722353	0.0024307177	0.002355402	0.0022720378	0.0023422246	0.0022744332	0.0024109806	0.0022562037	0.0023442688	0.002435902
0.0030017896	0.0029470075	0.0030264931	0.0031151904	0.0031456004	0.0033513692	0.0030148937	0.0030597304	0.003072717	0.9480545	0.0030509129	0.0029429325	0.0030338445	0.0029460352	0.003122903	0.0029224232	0.0030364927	0.0031551833
0.007331579	0.007197778	0.0073919147	0.5419741	0.007682812	0.008185392	0.0073635844	0.007473093	0.0075048124	0.33876255	0.0074515576	0.007187826	0.0074098697	0.007195404	0.0076273866	0.0071377335	0.0074163373	0.007706228
0.0085673295	0.008410976	0.008637835	0.008890982	0.51860756	0.009565054	0.008604729	0.008732696	0.008769762	0.00898596	0.008707531	0.008399347	0.008658816	0.008408202	0.008912995	0.008340811	0.008666374	0.34213307
0.017330594	0.017014315	0.017473219	0.017985303	0.01816085	0.019348864	0.01740625	0.01766511	0.01774009	0.01817743	0.017614204	0.016990788	0.017515661	0.017008701	0.018029833	0.6987916	0.01753095	0.0182162
0.0019600193	0.0019242492	0.33604702	0.0020340641	0.0020539176	0.0021882772	0.0019685754	0.0019978515	0.0020063315	0.0020557928	0.0019920943	0.0019215884	0.0019809497	0.0019236144	0.0020391003	0.0019081968	0.0019826784	0.63201565
0.026296722	0.025816813	0.026513133	0.02729015	0.027556518	0.029359162	0.026411518	0.026804302	0.026918072	0.027581675	0.02672706	0.025781114	0.026577534	0.025808295	0.5447152	0.025601445	0.026600732	0.027640505
0.0073315674	0.0071977675	0.0073919035	0.0076085366	0.0076828003	0.37197557	0.0073635727	0.0074730814	0.0075048003	0.0076898145	0.007451546	0.007187815	0.007409859	0.007195393	0.007627375	0.007137723	0.5090647	0.007706217
0.006407375	0.0062904404	0.0064601046	0.00664943	0.006714331	0.0071535585	0.006435345	0.006531049	0.00655877	0.006720462	0.0065122284	0.0062817424	0.0064757965	0.0062883655	0.006665893	0.006237965	0.88888234	0.006734796
0.0039302115	0.003858486	0.003962556	0.0040786862	0.004118496	0.004387913	0.003947369	0.35646185	0.0040230765	0.0041222563	0.0039945287	0.0038531509	0.003972181	0.003857213	0.57949907	0.003826298	0.003975648	0.004131049
0.0021238127	0.4596844	0.0021412908	0.12776776	0.002225558	0.0023711456	0.002133084	0.0021648067	0.002173995	0.00222759	0.0021585682	0.0020821705	0.38000357	0.0020843656	0.0022095025	0.0020676597	0.0021483658	0.0022323413
0.012924046	0.012688184	0.013030406	0.013412286	0.013543197	0.014429142	0.012980464	0.013173506	0.0132294195	0.013555561	0.013135543	0.01267064	0.013062056	0.012683999	0.7762413	0.0125823375	0.013073457	0.013584475
0.0051172343	0.005023846	0.0051593473	0.0053105517	0.0053623854	0.91179293	0.0051395735	0.005216008	0.0052381465	0.0053672814	0.0052009765	0.005016899	0.0051718797	0.0050221886	0.0053237	0.0049819364	0.005176394	0.005378729
0.002317476	0.0022751826	0.002336548	0.0024050248	0.0024284993	0.0025873624	0.53444666	0.0023622082	0.0023722344	0.0024307168	0.427702	0.0022720366	0.0023422237	0.002274432	0.0024109795	0.0022562027	0.002344268	0.002435901
0.054484893	0.053490553	0.05493328	0.0565432	0.05709509	0.06083003	0.05472274	0.05553656	0.055772282	0.05714722	0.05537652	0.05341659	0.055066716	0.053472906	0.056683198	0.053044327	0.05511478	0.05726911
0.13454774	0.006290426	0.0064600897	0.006649414	0.0067143156	0.0071535413	0.7606961	0.006531034	0.006558755	0.006720446	0.0065122135	0.0062817284	0.006475781	0.006288351	0.0066658775	0.0062379506	0.0064814333	0.0067347805
0.054484893	0.053490553	0.05493328	0.0565432	0.05709509	0.06083003	0.05472274	0.05553656	0.055772282	0.05714722	0.05537652	0.05341659	0.055066716	0.053472906	0.056683198	0.053044327	0.05511478	0.05726911
0.0046491693	0.004564323	0.0046874303	0.004824804	0.0048718965	0.91986114	0.0046694647	0.004738908	0.0047590216	0.0048763445	0.0047252513	0.0045580114	0.004698816	0.004562817	0.00483675	0.004526247	0.0047029173	0.0048867455
0.012924073	0.012688213	0.013030434	0.013412315	0.013543228	0.0144291725	0.012980493	0.013173538	0.013229449	0.013555592	0.013135572	0.77546597	0.013062085	0.012684026	0.013445523	0.012582365	0.013073485	0.013584505
0.008567301	0.008410949	0.0086378055	0.008890953	0.008977733	0.85232323	0.008604701	0.008732666	0.008769732	0.00898593	0.008707502	0.008399319	0.008658787	0.008408174	0.008912967	0.008340783	0.008666345	0.009005096
0.054484893	0.053490553	0.05493328	0.0565432	0.05709509	0.06083003	0.05472274	0.05553656	0.055772282	0.05714722	0.05537652	0.05341659	0.055066716	0.053472906	0.056683198	0.053044327	0.05511478	0.05726911
0.0036481286	0.003581551	0.0036781514	0.0037859464	0.003822899	0.004072978	0.003664054	0.0037185447	0.003734328	0.9368697	0.003707829	0.0035765986	0.0036870854	0.0035803693	0.00379532	0.0035516731	0.0036903035	0.0038345505
0.006407371	0.008326782	0.8868247	0.0066494267	0.0067143277	0.0071535534	0.0064353417	0.0065310467	0.006558767	0.006720458	0.006512225	0.0062817396	0.0064757927	0.006288362	0.00666589	0.006237962	0.006481445	0.006734792
0.026296746	0.025816835	0.02651316	0.027290175	0.027556544	0.029359186	0.026411543	0.026804328	0.026918096	0.027581701	0.026727084	0.54313827	0.026577571	0.02580832	0.027357744	0.025601469	0.026600758	0.027640533
0.004259563	0.0041818265	0.0042946176	0.0044204793	0.0044636256	0.0047556185	0.004278158	0.004341781	0.0043602097	0.9262889	0.0043292693	0.0041760444	0.0043050493	0.004180447	0.0044314237	0.0041469415	0.0043088067	0.00447723
0.006407367	0.006290434	0.0064600976	0.0066494225	0.0067143245	0.38053396	0.006435338	0.0065310425	0.0065587633	0.0067204544	0.2578774	0.0062817363	0.26413122	0.006288359	0.006665886	0.0062379586	0.006481441	0.006734789
0.026296744	0.025816834	0.026513157	0.027290177	0.54491365	0.029359184	0.02641154	0.026804326	0.026918095	0.027581701	0.026727082	0.025781136	0.026577558	0.025808318	0.027357744	0.025601467	0.026600756	0.02764053
0.0039302115	0.003858486	0.003962556	0.004078686	0.004118496	0.004387913	0.003947369	0.004006073	0.0040230765	0.0041222563	0.0039945287	0.0038531509	0.003972181	0.003857213	0.40086386	0.003826298	0.003975648	0.535222
0.0025500061	0.002503469	0.0025709919	0.0026463394	0.10936951	0.0028469723	0.002561138	0.0025992265	0.0026102585	0.0026746087	0.0025917361	0.0025000074	0.0025772366	0.002502643	0.84915346	0.0024825847	0.002579486	0.0026803135
0.0129240425	0.012688181	0.013030402	0.013412282	0.013543193	0.014429138	0.012980461	0.013173503	0.013229417	0.013555559	0.7759314	0.012670637	0.013062054	0.012683995	0.013445489	0.012582335	0.013073454	0.013584471
0.0173306	0.017014323	0.017473225	0.017985309	0.018160855	0.019348867	0.017406255	0.69958425	0.017740095	0.018177437	0.01761421	0.016990794	0.017515667	0.017008707	0.018029839	0.016872384	0.017530955	0.018216208
0.012924059	0.012688198	0.013030419	0.0134123	0.7763387	0.0144291585	0.012980479	0.013173521	0.013229435	0.013555577	0.013135559	0.012670654	0.013062071	0.012684012	0.013445509	0.012582351	0.013073471	0.013584489
0.0034038248	0.0033417053	0.0034318366	0.9410596	0.0035668914	0.0038002236	0.0034186835	0.0034695254	0.0034842514	0.0035701483	0.003459527	0.0033370848	0.0034401729	0.003340603	0.0035411592	0.0033138285	0.0034431752	0.0035777627
0.017330592	0.017014312	0.017473215	0.017985301	0.018160846	0.019348858	0.017406248	0.017665107	0.69965935	0.018177427	0.0176142	0.016990786	0.01751566	0.0170087	0.01802983	0.016872376	0.017530946	0.018216198
0.010304092	0.010116044	0.010388895	0.010693356	0.01079773	0.011504076	0.010349073	0.010502982	0.0105475625	0.010807588	0.010472715	0.010102057	0.010414125	0.8209944	0.010719833	0.010031655	0.010423215	0.010830639
0.0024281866	0.0023838724	0.0024481695	0.0025199177	0.0025445134	0.0027109657	0.0024387864	0.0024750556	0.0024855607	0.0025468366	0.0024679229	0.0023805762	0.0024541162	0.0023830861	0.0025261568	0.0023639859	0.002456258	0.95798606
0.0051172306	0.005023842	0.0051593436	0.0053105475	0.0053623817	0.0057131676	0.0051395698	0.0052160034	0.0052381423	0.005367277	0.0052009723	0.0050168955	0.0051718755	0.005022185	0.005323696	0.0049819327	0.9112562	0.0053787255
0.0073315725	0.007197772	0.0073919077	0.0076085418	0.0076828054	0.008185385	0.007363577	0.41283005	0.0075048055	0.007689819	0.0074515506	0.0071878196	0.007409863	0.0071953973	0.0076273796	0.0071377275	0.46749786	0.007706221
0.0073315557	0.0071977563	0.0073918914	0.0076085245	0.0076827877	0.7053716	0.17561606	0.0074730697	0.0075047887	0.0076898024	0.0074515343	0.0071878037	0.0074098464	0.0071953814	0.007627363	0.0071377116	0.007416314	0.007706204
0.054484893	0.053490553	0.05493328	0.0565432	0.05709509	0.06083003	0.05472274	0.05553656	0.055772282	0.05714722	0.05537652	0.05341659	0.055066716	0.053472906	0.056683198	0.053044327	0.05511478	0.05726911
0.0034038224	0.9408689	0.0034318347	0.0035324108	0.003566889	0.0038002215	0.0034186817	0.0034695233	0.0034842493	0.003570146	0.003459525	0.0033370827	0.0034401708	0.0033406029	0.003541157	0.0033138266	0.0034431734	0.0035777604
0.0085673025	0.008410951	0.008637808	0.008890955	0.008977735	0.0095650265	0.008604703	0.008732669	0.008769734	0.008985933	0.008707504	0.008399321	0.008658789	0.008408176	0.85167116	0.008340785	0.008666347	0.009005098
0.008567301	0.008410949	0.0086378055	0.008890953	0.008977733	0.85232323	0.008604701	0.008732666	0.008769732	0.00898593	0.008707502	0.008399319	0.008658787	0.008408174	0.008912967	0.008340783	0.008666345	0.009005096
0.0034038294	0.0033417102	0.5012549	0.0035324185	0.0035668965	0.00380023	0.0034186887	0.44317353	0.0034842568	0.0035701531	0.003459532	0.0033370897	0.0034401778	0.003340608	0.0035411643	0.0033138334	0.0034431804	0.003577768
0.010304088	0.010116041	0.010388887	0.010693353	0.010797726	0.011504073	0.01034907	0.010502979	0.010547558	0.010807584	0.010472711	0.010102053	0.010414122	0.17015538	0.010719828	0.010031651	0.010423212	0.6616697
0.008567298	0.008410946	0.008637803	0.008890949	0.00897773	0.009565018	0.008604697	0.851491	0.008769728	0.008985927	0.008707498	0.008399315	0.0086587835	0.008408171	0.008912963	0.008340781	0.008666341	0.009005092
0.02629673	0.02581682	0.02651314	0.027290156	0.027556524	0.029359164	0.026411526	0.54416174	0.026918078	0.027581682	0.026727065	0.025781121	0.026577542	0.025808303	0.027357725	0.02560145	0.026600739	0.027640512
0.054484893	0.053490553	0.05493328	0.0565432	0.05709509	0.06083003	0.05472274	0.05553656	0.055772282	0.05714722	0.05537652	0.05341659	0.055066716	0.053472906	0.056683198	0.053044327	0.05511478	0.05726911
0.017330592	0.017014313	0.017473217	0.017985303	0.018160848	0.019348862	0.69932556	0.017665109	0.017740088	0.01817743	0.017614203	0.016990786	0.01751566	0.0170087	0.018029831	0.016872378	0.017530948	0.0182162
0.007331573	0.007197773	0.0073919087	0.42247364	0.007682806	0.008185388	0.4579369	0.0074730874	0.007504806	0.0076898206	0.007451552	0.0071878205	0.0074098636	0.0071953987	0.007627381	0.0071377284	0.007416331	0.007706222
0.012924053	0.77548385	0.013030413	0.013412294	0.0135432035	0.014429148	0.012980471	0.013173513	0.013229437	0.013555569	0.013135551	0.012670646	0.013062064	0.012684005	0.013445501	0.012582344	0.013073465	0.013584482
0.0042595696	0.004181833	0.004294626	0.0044204863	0.004463632	0.004755626	0.0042781644	0.004341788	0.9261813	0.004467707	0.0043292763	0.004176051	0.004305056	0.0041804533	0.0044314303	0.0041469475	0.0043088133	0.004477237
0.012924028	0.012688166	0.013030387	0.013412267	0.7763393	0.01442912	0.012980446	0.013173487	0.013229402	0.013555543	0.013135525	0.012670622	0.013062038	0.012683981	0.013445474	0.01258232	0.013073439	0.013584455
0.008567308	0.008410956	0.008637814	0.3310269	0.008977741	0.00956503	0.008604707	0.008732674	0.0087697385	0.52960813	0.008707508	0.008399325	0.008658795	0.00840818	0.008912974	0.00834079	0.008666351	0.009005103
0.010304085	0.010116038	0.010388884	0.01069335	0.8216795	0.011504067	0.010349067	0.0105029745	0.010547555	0.010807581	0.010472708	0.01010205	0.010414119	0.0101127	0.010719825	0.010031648	0.010423209	0.010830632
0.0064073647	0.006290432	0.8888612	0.0066494206	0.006714322	0.0071535474	0.0064353356	0.00653104	0.006558761	0.006720453	0.0065122196	0.006281734	0.0064757867	0.0062883566	0.006665884	0.006237956	0.006481439	0.0067347866
0.005690102	0.0055862586	0.005736929	0.90147054	0.0059626973	0.006352754	0.0057149413	0.0057999324	0.0058245496	0.0059681404	0.0057832184	0.005578534	0.005750865	0.005584416	0.005919681	0.005539657	0.005755884	0.0059808707
0.054484893	0.053490553	0.05493328	0.0565432	0.05709509	0.06083003	0.05472274	0.05553656	0.055772282	0.05714722	0.05537652	0.05341659	0.055066716	0.053472906	0.056683198	0.053044327	0.05511478	0.05726911
0.0085673155	0.008410963	0.5059253	0.008890969	0.00897775	0.0095650405	0.3540752	0.008732683	0.008769748	0.008985946	0.008707517	0.008399334	0.008658803	0.008408189	0.008912982	0.008340798	0.00866636	0.009005113
0.6490011	0.0029470045	0.00302649	0.003115187	0.0031455928	0.0033513657	0.003014891	0.0030597271	0.003072714	0.0031484647	0.0030509098	0.0029429297	0.0030338415	0.0029460324	0.0031229001	0.0029224202	0.0030364895	0.3020619
0.01030408	0.010116032	0.010388879	0.010693345	0.8216796	0.011504062	0.010349062	0.010502971	0.010547549	0.010807575	0.010472703	0.010102046	0.010414114	0.010112695	0.010719821	0.010031643	0.010423203	0.010830627
0.4240487	0.010116037	0.010388883	0.010693349	0.01079772	0.011504067	0.010349066	0.010502974	0.010547553	0.010807579	0.010472707	0.0101020485	0.40755135	0.010112699	0.010719824	0.010031647	0.010423207	0.0108306315
0.0026846938	0.0026356988	0.0027067878	0.0027861153	0.0028133094	0.0029973453	0.37274534	0.002736514	0.0027481292	0.002815878	0.58340555	0.0026320543	0.0027133627	0.0026348291	0.0027930136	0.0026137114	0.002715731	0.002821884
0.006407385	0.0062904526	0.006460116	0.0066494416	0.006714344	0.88955426	0.006435357	0.006531062	0.006558782	0.006720474	0.0065122405	0.006281754	0.006475812	0.0062883766	0.006665905	0.0062379763	0.0064814603	0.006734808
0.54365337	0.025816863	0.02651319	0.027290205	0.02755657	0.029359218	0.02641157	0.026804356	0.026918124	0.027581729	0.026727116	0.025781166	0.026577588	0.025808346	0.027357774	0.025601495	0.026600787	0.02764056
0.90125585	0.0055862484	0.0057369187	0.00590505	0.0059626857	0.006352743	0.005714931	0.005799922	0.005824539	0.00596813	0.0057832077	0.005578524	0.005750854	0.0055844053	0.00591967	0.0055396473	0.005755873	0.0059808595
0.0036481288	0.0035815514	0.0036781516	0.18149687	0.0038228997	0.0040729796	0.0036640547	0.0037185452	0.0037343286	0.00382639	0.7590402	0.003576599	0.003687086	0.0035803698	0.0037953202	0.0035516736	0.0036903042	0.0038345514
0.010304071	0.010116024	0.01038887	0.010693335	0.010797707	0.5586479	0.010349053	0.0105029605	0.01054754	0.010807566	0.27421096	0.010102036	0.010414105	0.010112687	0.010719811	0.010031635	0.010423194	0.0108306175
0.017330632	0.01701435	0.017473275	0.017985342	0.018160889	0.019348904	0.017406289	0.017665148	0.6996587	0.01817747	0.017614244	0.016990824	0.017515698	0.017008737	0.018029872	0.016872415	0.017530987	0.018216243
0.0073315674	0.0071977675	0.007391903	0.0076085366	0.5490872	0.00818538	0.33139768	0.0074730814	0.007504801	0.0076898145	0.007451546	0.007187815	0.007409858	0.007195393	0.007627375	0.007137723	0.0074163256	0.0077062165
0.017330598	0.017014317	0.01747322	0.017985307	0.70008004	0.019348865	0.017406253	0.017665114	0.017740091	0.018177433	0.017614206	0.016990792	0.017515665	0.017008705	0.018029837	0.016872382	0.017530952	0.018216204
0.0064073605	0.006290428	0.0064600906	0.006649416	0.006714318	0.0071535422	0.8888365	0.0065310365	0.0065587563	0.006720448	0.0065122154	0.00628173	0.0064757825	0.0062883524	0.0066658794	0.006237952	0.0064814347	0.006734783
0.010304072	0.010116025	0.010388871	0.010693336	0.010797708	0.011504053	0.82123107	0.010502961	0.010547541	0.010807566	0.010472695	0.010102037	0.010414106	0.010112688	0.010719812	0.010031636	0.010423195	0.010830618
0.054484893	0.053490553	0.05493328	0.0565432	0.05709509	0.06083003	0.05472274	0.05553656	0.055772282	0.05714722	0.05537652	0.05341659	0.055066716	0.053472906	0.056683198	0.053044327	0.05511478	0.05726911
0.0026846926	0.0026356974	0.3497313	0.002786114	0.31493276	0.0029973441	0.29427838	0.0027365128	0.0027481278	0.0028158766	0.0027286266	0.0026320529	0.0027133613	0.002634828	0.0027930122	0.00261371	0.0027157296	0.0028218825
0.012924078	0.012688215	0.013030437	0.013412319	0.013543257	0.014429177	0.012980496	0.013173537	0.013229453	0.013555596	0.013135576	0.012670671	0.013062088	0.77547926	0.013445526	0.012582368	0.013073489	0.013584508
0.006407355	0.006290422	0.006460085	0.00664941	0.0067143114	0.007153536	0.006435326	0.00653103	0.0065587503	0.0067204414	0.0065122093	0.006281724	0.006475777	0.88868964	0.006665873	0.0062379465	0.0064814286	0.006734776
0.008567312	0.0084109595	0.008637818	0.851649	0.008977745	0.009565036	0.008604711	0.008732677	0.008769743	0.008985942	0.008707513	0.008399329	0.008658798	0.008408185	0.008912978	0.008340795	0.008666356	0.009005108
0.012924024	0.012688164	0.013030384	0.013412263	0.77633935	0.014429116	0.012980443	0.013173484	0.013229398	0.013555539	0.013135522	0.012670619	0.013062035	0.012683977	0.0134454705	0.012582317	0.013073436	0.013584452
0.00856731	0.008410959	0.008637816	0.008890963	0.008977744	0.009565033	0.00860471	0.27564234	0.008769742	0.00898594	0.5845559	0.008399328	0.0086587975	0.008408183	0.008912976	0.008340793	0.008666354	0.009005106
0.010304072	0.010116025	0.010388871	0.010693336	0.010797708	0.822386	0.010349054	0.010502961	0.010547541	0.010807566	0.010472695	0.010102037	0.010414106	0.010112688	0.010719812	0.010031636	0.010423195	0.010830618
0.0064073717	0.006290438	0.006460102	0.0066494276	0.006714329	0.0071535558	0.0064353426	0.0065310476	0.006558768	0.0067204596	0.88891315	0.0062817405	0.0064757937	0.006288363	0.0066658906	0.0062379627	0.0064814454	0.0067347935
0.026296722	0.025816813	0.026513133	0.02729015	0.027556516	0.029359156	0.026411518	0.026804302	0.026918072	0.027581675	0.02672706	0.025781114	0.026577534	0.025808295	0.027357718	0.025601445	0.54395825	0.027640505
0.012924031	0.01268817	0.013030391	0.013412271	0.013543184	0.014429125	0.01298045	0.013173493	0.0132294055	0.7763516	0.013135529	0.012670626	0.013062042	0.012683985	0.013445478	0.0125823235	0.0130734425	0.013584459
0.0046491777	0.0045643314	0.0046874387	0.004824813	0.0048719053	0.005190608	0.38723844	0.004738916	0.0047590304	0.004876354	0.00472526	0.00455802	0.0046988246	0.5366641	0.004836759	0.004526255	0.004702926	0.004886755
0.005117237	0.0050238483	0.0051593496	0.005310554	0.48470926	0.005713176	0.005139576	0.00521601	0.005238149	0.005367284	0.005200979	0.005016902	0.005171882	0.005022191	0.43205655	0.0049819387	0.005176396	0.0053787315
0.012924062	0.0126882	0.013030422	0.013412302	0.013543215	0.0144291585	0.012980481	0.013173522	0.7760249	0.013555579	0.01313556	0.012670657	0.013062074	0.012684015	0.01344551	0.012582353	0.013073474	0.013584492
0.010304079	0.8209979	0.010388878	0.010693343	0.010797717	0.011504063	0.01034906	0.01050297	0.010547548	0.010807575	0.010472702	0.010102044	0.010414113	0.010112694	0.010719819	0.010031642	0.010423202	0.010830626
0.017330604	0.017014325	0.017473228	0.017985314	0.7000799	0.019348875	0.01740626	0.01766512	0.017740099	0.018177442	0.017614214	0.016990798	0.01751567	0.01700871	0.018029844	0.01687239	0.01753096	0.018216211
0.004649177	0.004564331	0.0046874383	0.0048248125	0.0048719053	0.0051906067	0.004669473	0.004738916	0.00475903	0.91954666	0.0047252597	0.00455802	0.004698824	0.004562825	0.0048367586	0.0045262547	0.0047029257	0.004886754
0.0031901912	0.003131971	0.0032164454	0.5480833	0.0033430236	0.0035617114	0.003204118	0.0032517684	0.0032655704	0.0033460758	0.3999179	0.0031276403	0.003224258	0.0031309377	0.003318906	0.0031058437	0.0032270723	0.0033532127
0.017330622	0.017014341	0.017473249	0.017985335	0.7000796	0.019348893	0.017406277	0.017665138	0.017740117	0.018177463	0.017614232	0.016990816	0.01751569	0.01700873	0.018029863	0.016872406	0.017530978	0.018216232
0.0036481274	0.0035815497	0.00367815	0.003785945	0.0038228978	0.004072978	0.6942908	0.0037185438	0.003734327	0.0038263884	0.003707828	0.0035765974	0.0036870844	0.2459969	0.003795319	0.003551672	0.0036903028	0.0038345498
0.007331566	0.0071977666	0.007391902	0.0076085352	0.27800795	0.6032988	0.007363572	0.007473081	0.0075048	0.0076898136	0.007451545	0.007187814	0.0074098576	0.007195392	0.007627374	0.007137722	0.0074163247	0.007706215
0.0051172306	0.005023842	0.0051593436	0.91139036	0.005362381	0.0057131676	0.0051395693	0.005216004	0.0052381423	0.005367277	0.0052009723	0.0050168955	0.0051718755	0.005022185	0.005323696	0.0049819327	0.0051763896	0.0053787255
0.0016432009	0.0016132127	0.0016567238	0.0017052771	0.0017219215	0.0018345634	0.12224888	0.001674918	0.0016820271	0.0017234936	0.0016700913	0.0016109821	0.0016607482	0.0016126806	0.0017094992	0.0015997551	0.0016621975	0.85096985
0.005117234	0.0050238455	0.005159347	0.0053105513	0.005362385	0.0057131723	0.005139573	0.005216007	0.005238146	0.005367281	0.91128075	0.0050168987	0.005171879	0.005022188	0.0053236997	0.004981936	0.0051763933	0.0053787287
0.0056900885	0.0055862456	0.0057369154	0.0059050466	0.0059626834	0.7111108	0.0057149283	0.0057999184	0.0058245366	0.0059681265	0.005783205	0.005578521	0.005750851	0.19639209	0.005919667	0.005539644	0.0057558706	0.0059808567
0.01030407	0.010116023	0.010388869	0.82157534	0.010797706	0.011504053	0.010349052	0.01050296	0.010547539	0.010807565	0.0104726935	0.0101020355	0.010414104	0.010112686	0.01071981	0.010031634	0.010423193	0.010830616
0.0064073727	0.006290438	0.3957933	0.006649427	0.0067143287	0.0071535553	0.006435342	0.0065310467	0.006558767	0.006720459	0.0065122256	0.00628174	0.006475793	0.0062883627	0.00666589	0.49930575	0.006481446	0.006734793
0.008567319	0.008410969	0.008637825	0.008890973	0.008977754	0.009565044	0.008604719	0.008732688	0.85152763	0.008985951	0.0087075215	0.0083993375	0.008658807	0.0084081935	0.008912986	0.008340802	0.0086663645	0.009005116
0.010304063	0.010116016	0.0103888605	0.010693326	0.010797698	0.011504042	0.010349044	0.010502951	0.010547531	0.010807558	0.010472685	0.010102027	0.010414096	0.8209949	0.010719801	0.010031626	0.010423185	0.010830607
0.012924055	0.012688184	0.77582616	0.013412286	0.013543196	0.014429142	0.012980464	0.013173506	0.0132294195	0.013555561	0.013135543	0.01267064	0.013062056	0.012683999	0.013445493	0.0125823375	0.013073457	0.013584475
0.012924052	0.4049708	0.013030411	0.013412292	0.013543203	0.014429149	0.0129804695	0.013173511	0.013229425	0.013555568	0.38364866	0.0126706455	0.013062062	0.012684003	0.013445499	0.012582343	0.013073463	0.013584481
0.006407363	0.0062904297	0.006460093	0.006649418	0.00671432	0.0071535455	0.0064353338	0.52457476	0.006558758	0.0067204502	0.006512217	0.0062817317	0.0064757844	0.0062883543	0.37102324	0.006237954	0.0064814365	0.006734784
0.0051172324	0.005023844	0.0051593455	0.00531055	0.91144216	0.0057131704	0.0051395716	0.0052160057	0.0052381447	0.0053672795	0.0052009746	0.0050168973	0.0051718773	0.005022187	0.005323698	0.0049819346	0.0051763915	0.0053787273
0.010304091	0.010116043	0.010388888	0.010693355	0.010797729	0.011504074	0.010349072	0.010502981	0.01054756	0.010807586	0.010472713	0.010102055	0.010414124	0.010112706	0.010719831	0.50258017	0.32875636	0.010830638
0.010304063	0.010116016	0.0103888605	0.010693326	0.010797698	0.011504042	0.4089459	0.010502951	0.010547531	0.010807556	0.010472685	0.010102027	0.010414096	0.010112678	0.010719801	0.010031626	0.4227085	0.010830607
0.6992495	0.017014334	0.017473238	0.017985325	0.01816087	0.019348886	0.01740627	0.017665131	0.017740108	0.018177452	0.017614225	0.016990807	0.017515682	0.017008722	0.018029854	0.016872399	0.017530968	0.018216223
0.77572	0.012688175	0.013030396	0.013412275	0.013543187	0.01442913	0.012980455	0.013173496	0.01322941	0.013555552	0.013135534	0.012670631	0.013062061	0.0126839895	0.0134454835	0.012582328	0.013073447	0.013584466
0.012924034	0.012688173	0.013030394	0.0134122735	0.013543185	0.014429128	0.31809166	0.4708583	0.013229408	0.013555549	0.013135532	0.012670629	0.013062045	0.012683988	0.013445482	0.012582327	0.013073446	0.013584463
0.012924063	0.012688201	0.013030424	0.013412304	0.013543214	0.014429162	0.012980482	0.013173523	0.013229437	0.01355558	0.013135561	0.012670657	0.7758575	0.012684016	0.013445511	0.012582354	0.013073475	0.013584492
0.0031901863	0.003131966	0.0032164403	0.0033107041	0.0033430182	0.78273034	0.0032041129	0.0032517633	0.0032655653	0.0033460706	0.0032423928	0.0031276355	0.0032242532	0.0031309328	0.16559851	0.0031058388	0.0032270672	0.0033532071
0.012924037	0.012688176	0.013030397	0.013412276	0.013543189	0.0144291315	0.0129804555	0.013173497	0.013229411	0.013555553	0.013135535	0.0126706315	0.013062048	0.0126839895	0.7762415	0.012582329	0.013073448	0.013584465
0.012924047	0.012688186	0.013030407	0.013412287	0.013543199	0.014429143	0.012980466	0.013173536	0.013229421	0.013555564	0.013135545	0.012670642	0.013062058	0.012684	0.013445495	0.7753781	0.013073458	0.013584476
0.008567295	0.008410944	0.008637801	0.008890948	0.85173607	0.009565016	0.008604695	0.008732663	0.008769727	0.0089859255	0.008707496	0.008399314	0.008658783	0.008408169	0.008912961	0.00834078	0.00866634	0.009005091
0.006407357	0.0062904237	0.006460087	0.0066494117	0.0067143133	0.0071535385	0.0064353277	0.006531032	0.0065587526	0.006720445	0.006512211	0.006281726	0.0064757788	0.0062883487	0.88906705	0.0062379483	0.006481431	0.0067347777
0.026296722	0.025816813	0.026513133	0.02729015	0.54491407	0.029359158	0.026411518	0.026804304	0.026918072	0.027581677	0.02672706	0.025781114	0.026577534	0.025808295	0.027357718	0.025601445	0.026600732	0.027640505
0.8888085	0.006290428	0.006460091	0.006649416	0.0067143184	0.0071535436	0.006435332	0.0065310365	0.006558757	0.0067204484	0.0065122154	0.0062817303	0.006475783	0.006288353	0.00666588	0.0062379525	0.006481435	0.0067347824
0.012924051	0.012688189	0.01303041	0.013412291	0.013543202	0.0144291455	0.012980469	0.01317351	0.013229425	0.013555567	0.013135548	0.012670645	0.013062061	0.012684004	0.013445498	0.77537805	0.013073464	0.013584479
0.16050562	0.007197771	0.0073919073	0.007608541	0.0076828036	0.008185383	0.0073635764	0.007473085	0.0075048045	0.7199542	0.00745155	0.0071878186	0.0074098622	0.0071953973	0.0076273787	0.007137726	0.0074163293	0.0077062193
0.0064073633	0.00629043	0.006460093	0.006649418	0.00671432	0.8895546	0.0064353338	0.0065310383	0.006558758	0.006720451	0.006512217	0.0062817317	0.006475785	0.0062883543	0.0066658813	0.006237954	0.0064814365	0.006734784
0.0021238092	0.00208505	0.0021412873	0.37142015	0.0022255543	0.0023711417	0.0021330805	0.002164803	0.0021739914	0.59403175	0.0021585645	0.002082167	0.0021464885	0.002084362	0.0022094985	0.0020676563	0.0021483619	0.0022323374
0.008567312	0.00841096	0.0086378185	0.62596023	0.008977746	0.009565035	0.008604712	0.008732678	0.008769744	0.008985942	0.008707513	0.00839933	0.23434758	0.008408186	0.008912979	0.008340795	0.008666357	0.00900511
0.017330611	0.017014332	0.017473236	0.017985322	0.33840615	0.019348882	0.017406266	0.01766513	0.017740106	0.01817745	0.017614221	0.016990805	0.017515678	0.37868237	0.01802985	0.016872395	0.017530967	0.018216219
0.00071657944	0.000703502	0.00072247663	0.0007436502	0.00075090857	0.0008000302	0.0007197076	0.00073041086	0.00073351106	0.00075159414	0.000728306	0.0007025292	0.026816295	0.00070326985	0.0007454913	0.00069763325	0.00072486367	0.9615093
0.005690095	0.005586251	0.0057369214	0.005905053	0.00596269	0.0063527473	0.005714934	0.0057999254	0.9013902	0.005968133	0.005783211	0.005578527	0.005750857	0.0055844085	0.0059196744	0.0055396506	0.005755876	0.005980863
0.5257947	0.002947005	0.0030264903	0.0031151876	0.0031455932	0.0033513661	0.003014891	0.0030597274	0.0030727142	0.0031484652	0.42516404	0.00294293	0.0030338417	0.0029460327	0.0031229004	0.0029224206	0.0030364897	0.0031551807
0.017330617	0.017014336	0.017473241	0.017985329	0.018160872	0.019348888	0.017406272	0.017665133	0.017740112	0.018177453	0.017614227	0.01699081	0.017515684	0.017008727	0.018029857	0.0168724	0.69944984	0.018216224
0.0085673155	0.008410963	0.008637822	0.008890969	0.00897775	0.48874068	0.008604716	0.008732683	0.008769748	0.008985946	0.008707517	0.008399334	0.008658803	0.37199047	0.0089129815	0.008340798	0.00866636	0.009005112
0.026296722	0.025816813	0.026513133	0.02729015	0.54491407	0.029359158	0.026411518	0.026804304	0.026918072	0.027581677	0.02672706	0.025781114	0.026577534	0.025808295	0.027357718	0.025601445	0.026600732	0.027640505
0.008567308	0.008410956	0.008637814	0.00889096	0.008977742	0.009565031	0.008604708	0.008732675	0.8515278	0.0089859385	0.008707509	0.008399326	0.008658795	0.008408181	0.008912974	0.008340791	0.008666352	0.009005104
0.012924046	0.012688184	0.013030406	0.013412286	0.013543197	0.014429142	0.012980464	0.013173506	0.0132294195	0.013555561	0.013135543	0.01267064	0.013062056	0.012683999	0.7762413	0.0125823375	0.013073457	0.013584475
0.02629673	0.025816819	0.02651314	0.027290156	0.027556524	0.029359164	0.026411526	0.54416174	0.026918078	0.027581682	0.026727065	0.025781121	0.026577542	0.025808303	0.027357725	0.02560145	0.026600739	0.027640512
0.0103041	0.010116052	0.010388899	0.010693365	0.3095103	0.011504084	0.522518	0.010502991	0.010547571	0.010807596	0.010472723	0.010102064	0.010414134	0.010112715	0.010719841	0.010031663	0.0104232235	0.010830648
0.0129240425	0.012688181	0.013030402	0.013412283	0.013543209	0.014429137	0.012980461	0.013173503	0.013229417	0.7763514	0.01313554	0.012670637	0.013062053	0.012683995	0.01344549	0.012582335	0.013073454	0.013584471
0.9732161	0.0015152422	0.0015561107	0.0016017155	0.001617349	0.0017231499	0.0015501467	0.0015732	0.0015798773	0.0016188257	0.0015686664	0.001513147	0.0015598906	0.0015147424	0.0016056811	0.0015026018	0.001561252	0.0016222786
0.004259573	0.0041818363	0.92611563	0.0044204895	0.004463636	0.00475563	0.004278168	0.0043417914	0.00436022	0.0044677113	0.0043292795	0.004176054	0.0043050596	0.004180457	0.004431434	0.004146951	0.0043088165	0.0044772406
0.004649179	0.45890936	0.00468744	0.004824815	0.0048719067	0.0051906086	0.004669475	0.004738918	0.004759032	0.004876355	0.0047252616	0.004558021	0.004698826	0.004562827	0.00483676	0.004526256	0.4650282	0.0048867557
0.007331589	0.007197789	0.0073919254	0.87304664	0.0076828226	0.008185403	0.007363595	0.0074731032	0.007504823	0.0076898374	0.007451569	0.0071878363	0.007409881	0.007195415	0.007627398	0.0071377438	0.0074163475	0.0077062384
0.0051172394	0.0050238506	0.005159353	0.005310557	0.005362391	0.0057131774	0.0051395786	0.0052160127	0.005238152	0.34924045	0.0052009816	0.0050169043	0.0051718843	0.0050221933	0.0053237053	0.004981941	0.0051763984	0.5675853
0.0046491744	0.004564328	0.0046874355	0.0048248097	0.0048719025	0.0051906044	0.0046694702	0.004738913	0.09964862	0.82465714	0.004725257	0.004558017	0.0046988213	0.004562822	0.0048367553	0.004526252	0.0047029224	0.004886751
0.40773386	0.012688188	0.013030409	0.013412289	0.013543202	0.014429148	0.012980469	0.01317351	0.013229425	0.013555566	0.3811215	0.012670644	0.013062061	0.0126840025	0.0134454975	0.012582341	0.013073461	0.013584479
0.026296744	0.025816834	0.026513157	0.027290177	0.54491365	0.029359184	0.02641154	0.026804326	0.026918095	0.027581701	0.026727082	0.025781136	0.026577558	0.025808318	0.027357744	0.025601467	0.026600756	0.02764053
0.0103040645	0.010116017	0.010388862	0.0106933275	0.0107977	0.011504044	0.0103490455	0.010502954	0.010547533	0.010807558	0.010472689	0.010102029	0.010414097	0.01011268	0.010719803	0.0100316275	0.010423187	0.8217128
0.026296763	0.025816852	0.026513174	0.027290192	0.027556561	0.029359207	0.02641156	0.026804345	0.026918115	0.02758172	0.0267271	0.025781155	0.026577575	0.025808334	0.027357763	0.54295826	0.026600773	0.02764055
0.0056900866	0.0055862437	0.0057369135	0.0059050447	0.0059626815	0.0063527366	0.005714926	0.005799917	0.9013903	0.005968125	0.005783203	0.0055785193	0.005750849	0.0055844006	0.0059196646	0.005539642	0.0057558683	0.0059808544
0.012924038	0.012688177	0.013030398	0.013412277	0.013543189	0.0144291315	0.7757764	0.013173498	0.013229412	0.013555554	0.013135536	0.012670632	0.013062049	0.01268399	0.013445484	0.01258233	0.013073449	0.0135844685
0.01733062	0.017014341	0.017473245	0.017985333	0.018160878	0.019348891	0.017406277	0.35135156	0.017740116	0.018177459	0.01761423	0.016990814	0.01751569	0.017008727	0.018029861	0.016872404	0.3657633	0.01821623
0.0073315697	0.0071977694	0.007391906	0.007608539	0.007682803	0.008185383	0.0073635746	0.007473083	0.007504807	0.0076898173	0.87289006	0.007187817	0.0074098604	0.007195395	0.0076273773	0.0071377247	0.0074163275	0.0077062184
0.0042595654	0.0041818293	0.0042946204	0.004420482	0.0044636284	0.0047556227	0.00427816	0.004341784	0.0043602125	0.92628884	0.004329272	0.004176047	0.004305052	0.00418045	0.0044314265	0.004146944	0.0043088095	0.0044772327
0.008567308	0.008410956	0.008637814	0.008890961	0.008977741	0.43304023	0.008604708	0.008732675	0.008769739	0.0089859385	0.008707509	0.008399326	0.008658795	0.008408181	0.008912974	0.008340791	0.42794925	0.009005104
0.006407371	0.0062904377	0.0064601013	0.6363055	0.25945917	0.0071535544	0.006435342	0.0065310467	0.006558767	0.0067204586	0.0065122256	0.00628174	0.006475793	0.006288362	0.0066658896	0.006237962	0.0064814454	0.006734793
0.0039302097	0.003858484	0.0039625536	0.004078684	0.0041184938	0.609578	0.003947367	0.0040060706	0.0040230746	0.3267982	0.003994527	0.0038531488	0.003972179	0.0038572112	0.0040887822	0.003826296	0.003975646	0.0041310466
0.004259574	0.0041818377	0.0042946287	0.004420491	0.0044636377	0.0047556325	0.004278169	0.004341793	0.9261812	0.0044677127	0.004329281	0.0041760555	0.0043050605	0.004180458	0.004431436	0.004146952	0.004308818	0.004477242
0.010304085	0.010116038	0.010388885	0.8215751	0.010797722	0.011504068	0.010349068	0.0105029745	0.010547555	0.010807581	0.010472709	0.01010205	0.010414119	0.0101127	0.010719826	0.010031648	0.010423209	0.010830634
0.01292407	0.012688207	0.01303043	0.01341231	0.013543221	0.014429168	0.012980488	0.01317353	0.013229444	0.013555585	0.013135568	0.012670663	0.013062081	0.012684021	0.013445518	0.012582361	0.77586883	0.013584499
0.0051172357	0.0050238473	0.0051593482	0.005310553	0.005362387	0.91179293	0.0051395744	0.005216009	0.0052381475	0.005367283	0.0052009774	0.0050169	0.005171881	0.0050221896	0.0053237015	0.004981938	0.0051763947	0.0053787306
0.010304089	0.010116041	0.0103888875	0.010693353	0.010797726	0.011504073	0.01034907	0.010502978	0.010547557	0.3637559	0.010472712	0.010102053	0.010414122	0.010112704	0.010719828	0.010031651	0.46835658	0.010830635
0.026296746	0.025816835	0.026513161	0.027290177	0.027556542	0.029359186	0.026411543	0.026804328	0.026918096	0.027581703	0.026727084	0.025781138	0.02657756	0.02580832	0.027357744	0.025601469	0.5439578	0.02764053
0.054484893	0.053490553	0.05493328	0.0565432	0.05709509	0.06083003	0.05472274	0.05553656	0.055772282	0.05714722	0.05537652	0.05341659	0.055066716	0.053472906	0.056683198	0.053044327	0.05511478	0.05726911
0.017330628	0.017014347	0.017473252	0.01798534	0.018160885	0.019348903	0.017406285	0.69958377	0.017740123	0.018177466	0.01761424	0.016990822	0.017515695	0.017008735	0.018029869	0.016872412	0.017530983	0.018216237
0.0073315594	0.00719776	0.0073918956	0.007608529	0.0076827924	0.008185371	0.007363565	0.0074730734	0.0075047924	0.0076898066	0.0074515385	0.0071878075	0.007409851	0.0071953856	0.0076273666	0.0071377154	0.872855	0.007706208
0.010304075	0.010116028	0.010388874	0.010693339	0.010797711	0.011504085	0.010349057	0.010502965	0.010547544	0.01080757	0.010472698	0.01010204	0.010414109	0.010112691	0.82160175	0.010031639	0.010423198	0.010830621
0.010304081	0.010116034	0.01038888	0.010693346	0.010797719	0.011504064	0.64238125	0.010502971	0.01054755	0.0108075775	0.010472706	0.010102046	0.010414115	0.010112696	0.010719821	0.010031644	0.010423205	0.18968028
0.0034038264	0.7612019	0.0034318387	0.0035324153	0.0035668935	0.003800226	0.0034186856	0.0034695272	0.0034842538	0.00357015	0.18312646	0.0033370866	0.0034401747	0.003340605	0.003541161	0.0033138304	0.0034431773	0.0035777648
0.054484893	0.053490553	0.05493328	0.0565432	0.05709509	0.06083003	0.05472274	0.05553656	0.055772282	0.05714722	0.05537652	0.05341659	0.055066716	0.053472906	0.056683198	0.053044327	0.05511478	0.05726911
0.008567301	0.008410949	0.0086378055	0.008890953	0.008977733	0.85232323	0.008604701	0.008732666	0.008769732	0.00898593	0.008707502	0.008399319	0.008658787	0.008408174	0.008912967	0.008340783	0.008666345	0.009005096
0.017330613	0.017014332	0.69939214	0.017985322	0.01816087	0.019348884	0.017406268	0.01766513	0.017740108	0.01817745	0.017614223	0.016990807	0.01751568	0.01700872	0.018029854	0.016872397	0.017530968	0.018216223
0.012924041	0.0126881795	0.0130304005	0.01341228	0.53192604	0.014429137	0.012980459	0.013173501	0.25764248	0.013555557	0.013135538	0.012670635	0.0130620515	0.012683994	0.01344549	0.012582333	0.013073453	0.0135844685
0.01030408	0.47587064	0.3555162	0.010693343	0.010797717	0.0115040615	0.01034906	0.01050297	0.010547548	0.010807575	0.010472702	0.010102044	0.010414112	0.010112694	0.010719819	0.010031642	0.010423202	0.010830626
0.005690084	0.0055862414	0.005736911	0.005905042	0.0059626787	0.006352734	0.0057149236	0.0057999142	0.005824532	0.90153396	0.0057832003	0.005578517	0.005750846	0.0055843983	0.005919663	0.00553964	0.005755866	0.0059808516
0.0036481286	0.003581551	0.0036781514	0.0037859464	0.0038228992	0.0040729786	0.003664054	0.003718545	0.0037343279	0.0038263893	0.003707829	0.0035765986	0.0036870854	0.0035803693	0.00379532	0.0035516731	0.0036903035	0.93687785
0.30200854	0.008410966	0.008637824	0.008890972	0.008977752	0.009565042	0.008604718	0.008732685	0.008769751	0.008985949	0.00870752	0.557716	0.008658806	0.008408192	0.008912985	0.008340801	0.008666364	0.009005115
0.002428189	0.33375806	0.2463515	0.07348872	0.002544516	0.0027109687	0.002438789	0.002475058	0.311673	0.0025468392	0.0024679257	0.0023805785	0.0024541186	0.0023830885	0.0025261594	0.0023639882	0.0024562608	0.0025522714
0.01733063	0.017014349	0.017473254	0.017985342	0.35825744	0.019348903	0.017406285	0.3594872	0.017740127	0.018177468	0.01761424	0.016990824	0.017515697	0.017008737	0.01802987	0.016872413	0.017530985	0.01821624
0.012924046	0.012688185	0.013030407	0.013412287	0.013543197	0.014429141	0.012980465	0.77596927	0.01322942	0.013555563	0.013135544	0.012670641	0.013062057	0.012683999	0.013445494	0.012582338	0.013073459	0.013584475
0.0064073694	0.006290436	0.0064600995	0.006649425	0.006714327	0.007153554	0.0064353403	0.006531045	0.006558765	0.006720457	0.0065122237	0.8886827	0.0064757923	0.006288361	0.006665888	0.0062379604	0.006481443	0.006734791
0.0039302073	0.0038584818	0.0039625512	0.004078681	0.9319846	0.0043879077	0.0039473646	0.0040060687	0.004023072	0.0041222516	0.003994524	0.0038531465	0.0039721765	0.0038572089	0.0040887794	0.0038262939	0.0039756433	0.0041310443
0.012924078	0.012688217	0.01303044	0.013412319	0.013543231	0.014429177	0.77577573	0.013173539	0.013229456	0.013555597	0.013135577	0.0126706725	0.01306209	0.01268403	0.013445528	0.01258237	0.01307349	0.0135845095
0.007331588	0.0071977875	0.007391924	0.0076085585	0.0076828226	0.008185403	0.3725631	0.0074731023	0.0075048218	0.0076898364	0.007451567	0.007187835	0.007409879	0.50743407	0.007627396	0.0071377424	0.007416346	0.007706238
0.003930212	0.0038584867	0.0039625564	0.50645304	0.4296101	0.0043879133	0.0039473693	0.0040060733	0.004023077	0.0041222568	0.003994529	0.0038531513	0.0039721816	0.0038572138	0.004088785	0.0038262985	0.003975649	0.0041310494
0.0046491707	0.004564324	0.0046874313	0.004824805	0.004871898	0.9198611	0.004669466	0.0047389087	0.004759023	0.004876346	0.0047252527	0.004558013	0.004698817	0.0045628184	0.004836751	0.0045262477	0.004702918	0.0048867464
0.026296722	0.025816813	0.026513133	0.02729015	0.54491407	0.029359158	0.026411518	0.026804304	0.026918072	0.027581677	0.02672706	0.025781114	0.026577534	0.025808295	0.027357718	0.025601445	0.026600732	0.027640505
0.00733156	0.0071977605	0.007391896	0.007608529	0.007682793	0.008185372	0.28832066	0.0074730744	0.007504794	0.007689807	0.0074515394	0.007187808	0.007409851	0.007195386	0.0076273675	0.007137716	0.007416319	0.59218776
0.0034038292	0.00334171	0.0034318415	0.0035324183	0.0035668963	0.0038002296	0.0034186884	0.00346953	0.0034842563	0.003570153	0.003459532	0.0033370894	0.0034401775	0.0033406077	0.94106823	0.0033138331	0.0034431831	0.003577768
0.026296716	0.025816806	0.026513128	0.027290143	0.027556509	0.02935915	0.5437691	0.026804296	0.026918065	0.027581668	0.026727052	0.025781108	0.026577529	0.02580829	0.02735771	0.02560144	0.026600728	0.027640497
0.4216261	0.007197771	0.007391907	0.007608541	0.007682804	0.008185384	0.007363576	0.007473085	0.0075048045	0.007689818	0.4585955	0.0071878186	0.0074098622	0.0071953963	0.0076273787	0.007137726	0.00741633	0.0077062207
0.026296744	0.025816834	0.026513157	0.027290177	0.54491365	0.029359184	0.02641154	0.026804326	0.026918095	0.027581701	0.026727082	0.025781136	0.026577558	0.025808318	0.027357744	0.025601467	0.026600756	0.02764053
0.008567303	0.008410952	0.008637809	0.008890957	0.008977736	0.009565026	0.0086047035	0.3352118	0.008769736	0.008985933	0.008707505	0.008399322	0.008658791	0.008408178	0.008912969	0.008340787	0.008666349	0.5252842
0.012924039	0.012688178	0.013030399	0.013412279	0.0135431895	0.014429133	0.38164085	0.013173499	0.013229413	0.013555555	0.013135537	0.40680617	0.0130620515	0.012683992	0.013445486	0.012582332	0.013073451	0.0135844685
0.010304072	0.010116024	0.01038887	0.010693335	0.010797707	0.011504053	0.010349053	0.0105029605	0.01054754	0.010807567	0.6278943	0.010102036	0.010414105	0.010112687	0.010719812	0.010031635	0.010423194	0.2042911
0.0026846891	0.0026356939	0.002706783	0.95351213	0.0028133043	0.00299734	0.002696409	0.002736509	0.0027481238	0.002815873	0.0027286233	0.0026320496	0.0027133578	0.0026348245	0.0027930085	0.0026137067	0.0027157262	0.0028218788
0.003001788	0.002947006	0.0030264915	0.13301352	0.0031455941	0.003351367	0.0030148919	0.0030597285	0.0030727156	0.003148466	0.0030509115	0.002942931	0.0030338431	0.0029460336	0.0031229013	0.0029224216	0.0030364909	0.81816286
0.0103041	0.010116051	0.010388898	0.010693365	0.010797737	0.011504083	0.010349082	0.82138455	0.010547569	0.010807595	0.010472722	0.010102063	0.010414134	0.010112714	0.01071984	0.010031662	0.010423223	0.010830647
0.6652541	0.007197774	0.00739191	0.0076085436	0.0076828073	0.0081853885	0.0073635792	0.007473088	0.007504808	0.0076898215	0.21496738	0.0071878214	0.0074098655	0.0071953996	0.007627382	0.0071377293	0.007416332	0.007706223
0.00340383	0.0033417107	0.0034318422	0.0035324187	0.003566897	0.0038002303	0.0034186891	0.9409966	0.003484257	0.0035701536	0.0034595325	0.0033370901	0.0034401785	0.0033406082	0.0035411648	0.0033138336	0.0034431813	0.0035777686
0.006407369	0.006290436	0.0064600995	0.006649425	0.0067143263	0.0071535525	0.33528128	0.0065310444	0.0065587647	0.0067204568	0.0065122233	0.0062817377	0.006475791	0.0062883603	0.56022096	0.00623796	0.006481443	0.0067347907
0.054484893	0.053490553	0.05493328	0.0565432	0.05709509	0.06083003	0.05472274	0.05553656	0.055772282	0.05714722	0.05537652	0.05341659	0.055066716	0.053472906	0.056683198	0.053044327	0.05511478	0.05726911
0.054484893	0.053490553	0.05493328	0.0565432	0.05709509	0.06083003	0.05472274	0.05553656	0.055772282	0.05714722	0.05537652	0.05341659	0.055066716	0.053472906	0.056683198	0.053044327	0.05511478	0.05726911
0.007331556	0.007197757	0.007391892	0.0076085255	0.0076827887	0.008185367	0.0073635615	0.0074730706	0.00750479	0.0076898024	0.0074515347	0.007187804	0.007409847	0.0071953824	0.007627363	0.8725764	0.0074163144	0.007706205
0.0010387489	0.0010197919	0.2063841	0.0010779905	0.0010885122	0.25274962	0.0010432836	0.0010587989	0.48528418	0.001089506	0.0010557477	0.0010183819	0.0010498413	0.04080699	0.0010806595	0.0010112847	0.0010507576	0.0010918299
0.007331557	0.0071977577	0.007391893	0.007608526	0.39345098	0.00818537	0.0073635625	0.007473071	0.00750479	0.0076898043	0.0074515357	0.007187805	0.0074098483	0.48686594	0.0076273647	0.007137713	0.0074163154	0.0077062054
0.01292403	0.012688169	0.01303039	0.01341227	0.77633923	0.014429125	0.012980449	0.013173491	0.013229405	0.013555545	0.013135528	0.012670625	0.013062041	0.012683984	0.013445478	0.0125823235	0.0130734425	0.013584458
0.0056900866	0.0055862437	0.0057369135	0.0059050447	0.005962681	0.006352737	0.005714926	0.0057999166	0.005824534	0.0059681246	0.005783203	0.0055785193	0.005750849	0.0055844006	0.005919665	0.005539642	0.90132165	0.0059808544
0.017330596	0.017014315	0.01747322	0.017985305	0.70008004	0.019348864	0.017406251	0.017665112	0.01774009	0.018177431	0.017614206	0.01699079	0.017515663	0.017008703	0.018029835	0.01687238	0.01753095	0.018216202
0.008567301	0.008410949	0.008637806	0.008890954	0.008977734	0.009565024	0.008604701	0.008732667	0.008769733	0.00898593	0.008707502	0.00839932	0.851417	0.008408175	0.008912967	0.008340784	0.008666346	0.009005097
0.0064073657	0.0062904325	0.0064600958	0.0066494215	0.006714323	0.0071535488	0.0064353365	0.006531041	0.006558762	0.0067204535	0.006512221	0.0062817344	0.0064757876	0.0062883575	0.006665884	0.888639	0.0064814403	0.006734788
0.017330637	0.017014354	0.01747326	0.017985348	0.018160893	0.019348908	0.01740629	0.017665152	0.01774013	0.018177472	0.017614245	0.01699083	0.6994342	0.017008742	0.018029878	0.016872419	0.01753099	0.018216245
0.054484893	0.053490553	0.05493328	0.0565432	0.05709509	0.06083003	0.05472274	0.05553656	0.055772282	0.05714722	0.05537652	0.05341659	0.055066716	0.053472906	0.056683198	0.053044327	0.05511478	0.05726911
0.008567307	0.008410956	0.008637814	0.008890959	0.008977741	0.009565032	0.008604707	0.008732674	0.0087697385	0.008985938	0.008707508	0.8511574	0.008658795	0.00840818	0.008912974	0.00834079	0.008666351	0.009005104
0.0039302055	0.00385848	0.0039625494	0.0040786793	0.004118489	0.0043879054	0.0039473623	0.0040060664	0.0040230695	0.0041222493	0.0039945217	0.0038531446	0.0039721746	0.003857207	0.004088778	0.0038262918	0.0039756414	0.9319972
0.01733059	0.01701431	0.017473215	0.0179853	0.018160844	0.019348856	0.017406246	0.017665107	0.6996594	0.018177425	0.0176142	0.016990785	0.017515657	0.017008698	0.01802983	0.016872374	0.017530944	0.018216196
0.012924048	0.012688186	0.013030408	0.013412288	0.013543201	0.014429144	0.012980467	0.013173508	0.013229422	0.013555565	0.7759313	0.012670642	0.013062059	0.012684001	0.013445497	0.01258234	0.013073459	0.013584477
0.026296742	0.025816834	0.026513156	0.027290175	0.5449137	0.029359182	0.026411539	0.026804324	0.026918093	0.0275817	0.02672708	0.025781136	0.026577557	0.025808316	0.027357742	0.025601465	0.026600754	0.027640529
0.006407382	0.0062904484	0.0064601125	0.0066494383	0.8891151	0.0071535683	0.006435353	0.0065310574	0.0065587787	0.0067204703	0.0065122372	0.0062817503	0.0064758044	0.0062883734	0.006665901	0.0062379725	0.006481456	0.0067348043
0.0028344027	0.0027826752	0.0028577289	0.00294148	0.0029701905	0.0031644888	0.46991676	0.0028891126	0.002901375	0.002972902	0.0028807868	0.19988501	0.0028646702	0.0027817574	0.0029487626	0.0027594618	0.0028671704	0.28678122
0.026296744	0.025816834	0.026513157	0.027290177	0.54491365	0.029359184	0.02641154	0.026804326	0.026918095	0.027581701	0.026727082	0.025781136	0.026577558	0.025808318	0.027357744	0.025601467	0.026600756	0.02764053
0.0034038213	0.0033417023	0.0034318333	0.0035324097	0.003566888	0.0038002199	0.0034186803	0.0034695219	0.0034842482	0.9410974	0.0034595237	0.0033370815	0.0034401694	0.0033405998	0.0035411557	0.0033138252	0.003443172	0.0035777593
0.0051172404	0.0050238515	0.005159353	0.0053105573	0.0053623915	0.0057131783	0.0051395786	0.005216013	0.005238152	0.005367287	0.005200982	0.005016905	0.005171885	0.0050221942	0.0053237057	0.0049819415	0.005176399	0.9114584
0.0042595644	0.0041818283	0.004294619	0.0044204807	0.0044636275	0.673424	0.0042781592	0.004341783	0.004360211	0.0044677025	0.004329271	0.25732887	0.0043050507	0.0041804486	0.0044314256	0.004146943	0.004308808	0.0044772313
0.0009087498	0.00089216535	0.0009162285	0.0009430803	0.00095228525	0.0010145803	0.19021738	0.00092629064	0.2872985	0.0009531547	0.00092362124	0.0008909317	0.0009184541	0.000891871	0.0009454153	0.00088472274	0.0009192557	0.50860333
0.31042022	0.0016671089	0.0017120736	0.001762249	0.0017794495	0.120448105	0.0017055117	0.0017308756	0.0017382222	0.0017810742	0.27264044	0.0016648037	0.0017162322	0.0016665589	0.0017666123	0.0016532016	0.27236238	0.0017848731
0.0031901896	0.0031319691	0.0032164436	0.0033107074	0.0033430215	0.0035617093	0.94465226	0.0032517668	0.0032655688	0.003346074	0.003242396	0.0031276385	0.0032242564	0.003130936	0.0033189047	0.0031058418	0.003227071	0.0033532109
0.0064073573	0.006290424	0.0064600874	0.006649412	0.8891155	0.0071535385	0.006435328	0.0065310327	0.0065587526	0.006720444	0.0065122116	0.0062817265	0.006475779	0.006288349	0.006665875	0.006237949	0.006481431	0.006734778
0.02629672	0.025816811	0.026513131	0.027290147	0.027556513	0.029359153	0.026411515	0.026804298	0.026918069	0.5449393	0.026727056	0.025781112	0.026577532	0.025808292	0.027357716	0.025601441	0.02660073	0.027640501
0.0042595654	0.004181829	0.0042946194	0.004420481	0.0044636275	0.0047556213	0.0042781597	0.004341783	0.0043602115	0.004467703	0.0043292716	0.0041760462	0.028885609	0.004180449	0.901672	0.0041469433	0.0043088086	0.004477232
0.005690099	0.0055862553	0.0057369266	0.9014706	0.0059626945	0.0063527515	0.0057149385	0.0057999296	0.005824547	0.005968138	0.0057832156	0.0055785314	0.005750861	0.0055844127	0.0059196777	0.0055396543	0.005755881	0.0059808674
0.010304089	0.65936625	0.0103888875	0.0106933545	0.17242923	0.011504073	0.010349071	0.01050298	0.010547559	0.010807586	0.010472712	0.010102054	0.010414124	0.010112705	0.01071983	0.010031653	0.010423212	0.010830637
0.006407367	0.006290434	0.67611235	0.0066494225	0.006714324	0.007153549	0.21918415	0.006531042	0.0065587633	0.0067204544	0.0065122214	0.006281736	0.006475789	0.0062883585	0.0066658854	0.006237958	0.006481441	0.006734788
0.017330628	0.017014347	0.017473252	0.01798534	0.018160887	0.0193489	0.017406283	0.017665144	0.017740125	0.018177466	0.017614238	0.016990822	0.017515695	0.017008735	0.01802987	0.016872412	0.017530983	0.7001349
0.054484893	0.053490553	0.05493328	0.0565432	0.05709509	0.06083003	0.05472274	0.05553656	0.055772282	0.05714722	0.05537652	0.05341659	0.055066716	0.053472906	0.056683198	0.053044327	0.05511478	0.05726911
0.008567301	0.008410949	0.0086378055	0.008890953	0.008977733	0.85232323	0.008604701	0.008732666	0.008769732	0.00898593	0.008707502	0.008399319	0.008658787	0.008408174	0.008912967	0.008340783	0.008666345	0.009005096
0.003930208	0.0038584825	0.003962552	0.004078682	0.0041184924	0.004387908	0.003947365	0.35215205	0.0040230723	0.004122252	0.0039945245	0.0038531472	0.003972177	0.0038572096	0.5838089	0.0038262943	0.0039756442	0.0041310443
0.006407361	0.006290428	0.0064600906	0.0066494164	0.006714318	0.0071535427	0.0064353314	0.0065310365	0.8889599	0.0067204474	0.0065122154	0.00628173	0.0064757825	0.0062883524	0.006665879	0.0062379525	0.0064814347	0.0067347824
0.008567298	0.0084109465	0.008637804	0.008890951	0.008977732	0.00956502	0.008604698	0.24739061	0.00876973	0.008985927	0.008707499	0.008399317	0.008658785	0.008408172	0.008912964	0.6124411	0.008666343	0.009005094
0.017330611	0.017014332	0.017473236	0.017985322	0.33898926	0.019348882	0.017406266	0.01766513	0.017740106	0.01817745	0.017614221	0.016990805	0.017515678	0.3780993	0.01802985	0.016872395	0.017530967	0.018216219
0.010304085	0.010116038	0.010388885	0.01069335	0.010797723	0.011504068	0.010349068	0.0105029745	0.8214293	0.010807581	0.010472709	0.01010205	0.010414119	0.0101127	0.010719826	0.010031648	0.010423209	0.010830634
0.054484893	0.053490553	0.05493328	0.0565432	0.05709509	0.06083003	0.05472274	0.05553656	0.055772282	0.05714722	0.05537652	0.05341659	0.055066716	0.053472906	0.056683198	0.053044327	0.05511478	0.05726911
0.0056900894	0.005586246	0.005736917	0.0059050485	0.0059626834	0.0063527403	0.0057149287	0.0057999194	0.0058245366	0.005968128	0.50949514	0.0055785216	0.0057508512	0.005584403	0.005919668	0.0055396445	0.39760968	0.0059808567
0.02629673	0.025816819	0.02651314	0.027290156	0.027556524	0.029359164	0.026411526	0.54416174	0.026918078	0.027581682	0.026727065	0.025781121	0.026577542	0.025808303	0.027357725	0.02560145	0.026600739	0.027640512
0.00054111955	0.51986337	0.0005455728	0.0005615618	0.00056704297	0.0006041368	0.0005434818	0.47128785	0.0005539053	0.00056756067	0.00054997485	0.0005305097	0.000546898	0.000531069	0.0005629522	0.0005268125	0.0005473753	0.00056877115
0.01030406	0.010116013	0.010388859	0.010693324	0.010797695	0.011504041	0.010349042	0.010502949	0.010547529	0.8216898	0.010472683	0.010102025	0.010414094	0.010112676	0.010719799	0.010031624	0.010423183	0.010830605
0.008567301	0.008410949	0.0086378055	0.008890953	0.008977733	0.85232323	0.008604701	0.008732666	0.008769732	0.00898593	0.008707502	0.008399319	0.008658787	0.008408174	0.008912967	0.008340783	0.008666345	0.009005096
0.01733062	0.01701434	0.017473245	0.017985329	0.018160878	0.019348891	0.017406275	0.69958395	0.017740116	0.018177457	0.01761423	0.016990812	0.017515687	0.017008727	0.018029861	0.016872404	0.017530976	0.018216228
0.026296722	0.025816813	0.026513133	0.02729015	0.027556518	0.029359162	0.026411518	0.026804302	0.026918072	0.027581675	0.02672706	0.025781114	0.026577534	0.025808297	0.5447152	0.025601445	0.026600732	0.027640505
0.012924057	0.012688196	0.013030419	0.77620786	0.013543211	0.014429156	0.012980478	0.013173519	0.013229433	0.013555576	0.013135557	0.012670652	0.013062069	0.012684011	0.013445507	0.01258235	0.01307347	0.013584489
0.0046491753	0.004564329	0.0046874364	0.00482481	0.004871903	0.0051906053	0.004669471	0.004738914	0.004759028	0.0048763514	0.004725258	0.0045580175	0.0046988223	0.58067214	0.34339786	0.0045262524	0.004702924	0.0048867515
0.012924067	0.012688196	0.013030419	0.0134123	0.013543209	0.014429157	0.012980477	0.013173519	0.0132294325	0.013555574	0.7759311	0.012670652	0.01306207	0.012684011	0.013445507	0.01258235	0.0130734695	0.013584488
0.054484893	0.053490553	0.05493328	0.0565432	0.05709509	0.06083003	0.05472274	0.05553656	0.055772282	0.05714722	0.05537652	0.05341659	0.055066716	0.053472906	0.056683198	0.053044327	0.05511478	0.05726911
0.0022164222	0.002175973	0.0022346629	0.0023001535	0.0023226044	0.6853621	0.002226098	0.002259204	0.0022687928	0.0023247248	0.0022526933	0.0021729642	0.0022400909	0.0021752552	0.0023058485	0.0021578209	0.002242046	0.2787625
0.012924039	0.012688178	0.013030399	0.7762082	0.0135431895	0.014429133	0.012980458	0.013173499	0.013229413	0.013555556	0.013135545	0.012670633	0.013062051	0.012683992	0.013445486	0.012582332	0.013073452	0.0135844685
0.0056900824	0.0055862395	0.0057369093	0.00590504	0.005962677	0.90191865	0.0057149217	0.0057999124	0.0058245296	0.0059681204	0.0057831984	0.005578515	0.0057508447	0.0055843964	0.005919661	0.005539638	0.005755864	0.00598085
0.054484893	0.053490553	0.05493328	0.0565432	0.05709509	0.06083003	0.05472274	0.05553656	0.055772282	0.05714722	0.05537652	0.05341659	0.055066716	0.053472906	0.056683198	0.053044327	0.05511478	0.05726911
0.008567301	0.008410949	0.0086378055	0.008890953	0.008977733	0.85232323	0.008604701	0.008732666	0.008769732	0.00898593	0.008707502	0.008399319	0.008658787	0.008408174	0.008912967	0.008340783	0.008666345	0.009005096
0.026296725	0.025816815	0.026513137	0.027290154	0.02755652	0.029359162	0.026411522	0.5441618	0.026918074	0.02758168	0.026727064	0.025781117	0.026577538	0.025808299	0.027357722	0.025601448	0.026600735	0.02764051
0.026296714	0.025816804	0.026513126	0.027290141	0.027556507	0.029359149	0.5437692	0.026804294	0.026918063	0.027581668	0.02672705	0.025781106	0.026577527	0.025808288	0.027357709	0.025601437	0.026600724	0.027640495
0.010304065	0.010116018	0.010388863	0.010693328	0.010797701	0.82238615	0.010349046	0.010502955	0.010547534	0.01080756	0.010472688	0.010102031	0.010414098	0.0101126805	0.010719805	0.010031629	0.010423188	0.010830611
0.01733062	0.01701434	0.017473245	0.017985329	0.018160876	0.019348891	0.017406275	0.017665137	0.017740114	0.018177457	0.01761423	0.69890964	0.017515687	0.017008727	0.01802986	0.016872404	0.017530976	0.018216228
0.017330596	0.017014315	0.017473219	0.017985303	0.01816085	0.019348864	0.01740625	0.01766511	0.01774009	0.01817743	0.017614204	0.016990788	0.017515661	0.017008701	0.018029833	0.6987916	0.01753095	0.0182162
0.008567307	0.008410956	0.008637813	0.85164905	0.008977741	0.009565029	0.008604707	0.008732674	0.0087697385	0.008985937	0.008707509	0.008399325	0.008658795	0.008408181	0.008912973	0.00834079	0.008666351	0.009005103
0.026296722	0.025816813	0.026513135	0.02729015	0.027556516	0.029359158	0.543769	0.026804302	0.026918072	0.027581675	0.02672706	0.025781114	0.026577534	0.025808295	0.027357718	0.025601445	0.026600732	0.027640507
0.008567314	0.6348378	0.008637819	0.008890967	0.0089777475	0.009565039	0.008604714	0.00873268	0.008769745	0.008985943	0.008707515	0.008399332	0.0086588	0.008408187	0.22524409	0.008340796	0.008666358	0.00900511
0.00856731	0.008410959	0.8513959	0.008890963	0.008977744	0.009565033	0.008604711	0.008732677	0.008769742	0.008985939	0.008707511	0.008399328	0.0086587975	0.008408183	0.008912976	0.008340793	0.008666354	0.009005107
0.0064073703	0.006290437	0.0064601004	0.0066494257	0.570696	0.0071535544	0.0064353417	0.006531046	0.0065587666	0.006720458	0.0065122256	0.006281739	0.0064757923	0.0062883617	0.0066658896	0.0062379614	0.006481445	0.3251541
0.010304073	0.010116026	0.010388872	0.010693337	0.01079771	0.011504056	0.010349055	0.010502962	0.51911545	0.010807567	0.010472696	0.010102038	0.010414107	0.010112689	0.3130339	0.010031637	0.0104231965	0.01083062
0.0064073647	0.8886915	0.006460095	0.0066494197	0.0067143217	0.007153548	0.0064353356	0.0065310397	0.0065587605	0.006720452	0.006512219	0.0062817335	0.0064757867	0.006288356	0.0066658836	0.0062379558	0.0064814384	0.0067347856
0.010304087	0.01011604	0.010388887	0.010693352	0.010797724	0.8223858	0.010349069	0.010502977	0.010547557	0.010807583	0.01047271	0.010102052	0.010414121	0.010112703	0.010719827	0.01003165	0.010423211	0.010830633
0.012924048	0.012688186	0.013030407	0.013412287	0.013543206	0.014429143	0.012980466	0.0131735075	0.013229422	0.013555564	0.013135545	0.012670642	0.013062058	0.012684	0.013445496	0.7753781	0.013073458	0.013584476
0.003930207	0.0038584815	0.0039625512	0.21494299	0.0041184914	0.004387907	0.003947364	0.0040060678	0.004023072	0.0041222516	0.7209963	0.0038531462	0.003972176	0.0038572086	0.0040887794	0.0038262936	0.0039756433	0.004131044
0.007331575	0.0071977745	0.007391911	0.0076085445	0.0076828077	0.8736238	0.0073635797	0.0074730883	0.007504808	0.007689822	0.007451553	0.007187822	0.007409866	0.0071954005	0.0076273824	0.00713773	0.0074163335	0.0077062235
0.000908749	0.00089216453	0.0009162277	0.0009430794	0.00095228443	0.0010145792	0.9842338	0.0009262898	0.0009302214	0.0009531539	0.0009236204	0.00089093094	0.0009184532	0.00089187024	0.0009454145	0.000884722	0.00091925485	0.00095518684
0.007331549	0.00719775	0.007391885	0.0076085175	0.0076827807	0.008185359	0.5751927	0.0074730627	0.30511448	0.007689795	0.0074515273	0.007187797	0.00740984	0.0071953754	0.0076273554	0.007137705	0.0074163075	0.0077061974
0.006407369	0.0062904353	0.0064600985	0.0066494243	0.0067143263	0.0071535516	0.0064353393	0.006531044	0.0065587647	0.0067204563	0.8889132	0.0062817372	0.0064757904	0.00628836	0.0066658873	0.0062379595	0.0064814426	0.0067347903
0.0085673	0.008410948	0.0086378055	0.008890952	0.008977733	0.009565021	0.0086047	0.008732667	0.008769731	0.008985929	0.008707501	0.008399318	0.008658786	0.008408173	0.008912966	0.0083407825	0.008666344	0.85176337
0.006407368	0.006290435	0.0064600985	0.0066494234	0.0067143254	0.0071535525	0.0064353393	0.0065310434	0.006558764	0.006720456	0.006512223	0.006281737	0.00647579	0.00628836	0.5728529	0.006237959	0.3226954	0.00673479
0.0019600394	0.001924269	0.0019761699	0.002034085	0.0020539395	0.0021883035	0.001968596	0.0019978723	0.002006352	0.0020558143	0.001992115	0.0019216086	0.00198097	0.0019236347	0.0020391233	0.0019082165	0.001982699	0.9660862
0.01030408	0.010116032	0.010388879	0.010693345	0.010797718	0.011504062	0.010349062	0.01050297	0.82142943	0.010807576	0.010472703	0.010102045	0.010414113	0.010112695	0.010719821	0.010031643	0.010423204	0.010830627
0.0056900834	0.0055862404	0.0057369107	0.0059050415	0.005962678	0.006352734	0.005714923	0.005799914	0.005824531	0.0059681213	0.0057832	0.9011444	0.0057508457	0.005584398	0.0059196623	0.005539641	0.0057558655	0.0059808516
0.0073315534	0.007197754	0.0073918896	0.8730473	0.0076827854	0.008185364	0.0073635587	0.0074730674	0.0075047864	0.0076897996	0.007451532	0.0071878014	0.0074098445	0.0071953796	0.0076273605	0.0071377098	0.0074163126	0.0077062016
0.026296746	0.025816835	0.026513161	0.027290177	0.027556542	0.029359186	0.026411543	0.026804328	0.026918096	0.027581703	0.026727084	0.025781138	0.02657756	0.02580832	0.027357744	0.025601469	0.5439578	0.02764053
